Unnamed: 0,event_name,section,user_id,event_date,event_timestamp
73475,page_view,quiz_work,040e1e30c9ed4248bc9799a707e36d60,2023-01-01,2023-01-01 16:57:15.062114990
73476,page_view,quiz_fit,040e1e30c9ed4248bc9799a707e36d60,2023-01-01,2023-01-01 16:57:24.243407959
73477,page_view,quiz_highlight,040e1e30c9ed4248bc9799a707e36d60,2023-01-01,2023-01-01 16:57:37.877279053
73478,page_view,quiz_bodyShape,040e1e30c9ed4248bc9799a707e36d60,2023-01-01,2023-01-01 16:57:52.290892090
73479,page_view,quiz_eyes,040e1e30c9ed4248bc9799a707e36d60,2023-01-01,2023-01-01 16:58:58.868198975
73480,page_view,quiz_hair,040e1e30c9ed4248bc9799a707e36d60,2023-01-01,2023-01-01 16:59:10.349990967
73481,page_view,quiz_sizes,040e1e30c9ed4248bc9799a707e36d60,2023-01-01,2023-01-01 16:59:20.200894043
73482,page_view,quiz_measurements,040e1e30c9ed4248bc9799a707e36d60,2023-01-01,2023-01-01 16:59:59.229868896
73483,page_view,quiz_focus,040e1e30c9ed4248bc9799a707e36d60,2023-01-01,2023-01-01 17:00:02.424375977
73484,page_view,quiz_adventurous,040e1e30c9ed4248bc9799a707e36d60,2023-01-01,2023-01-01 17:00:32.932799072
73485,page_view,quiz_styles,040e1e30c9ed4248bc9799a707e36d60,2023-01-01,2023-01-01 17:01:01.026767090
73486,page_view,quiz_prices,040e1e30c9ed4248bc9799a707e36d60,2023-01-01,2023-01-01 17:01:24.688322998
73487,page_view,quiz_avoid,040e1e30c9ed4248bc9799a707e36d60,2023-01-01,2023-01-01 17:01:36.856009033
73488,page_view,quiz_footwear,040e1e30c9ed4248bc9799a707e36d60,2023-01-01,2023-01-01 17:01:53.619081055
73489,page_view,quiz_you,040e1e30c9ed4248bc9799a707e36d60,2023-01-01,2023-01-01 17:02:28.022451904
73490,page_view,quiz_photos,040e1e30c9ed4248bc9799a707e36d60,2023-01-01,2023-01-01 17:02:47.227444092
73491,page_view,quiz_social,040e1e30c9ed4248bc9799a707e36d60,2023-01-01,2023-01-01 17:15:55.339378906
73492,page_view,quiz_signUp,040e1e30c9ed4248bc9799a707e36d60,2023-01-01,2023-01-01 17:16:11.600152100
48521,page_view,quiz_leisure,08524cc6b3544d65af7faa39e9abd3f2,2023-02-06,2023-02-06 12:20:55.929294922
48523,page_view,quiz_work,08524cc6b3544d65af7faa39e9abd3f2,2023-02-06,2023-02-06 12:21:11.511086914
48522,page_view,quiz_fit,08524cc6b3544d65af7faa39e9abd3f2,2023-02-06,2023-02-06 12:21:18.984519043
48524,page_view,quiz_highlight,08524cc6b3544d65af7faa39e9abd3f2,2023-02-06,2023-02-06 12:21:37.729197998
48525,page_view,quiz_bodyShape,08524cc6b3544d65af7faa39e9abd3f2,2023-02-06,2023-02-06 12:21:56.798176025
48526,page_view,quiz_eyes,08524cc6b3544d65af7faa39e9abd3f2,2023-02-06,2023-02-06 12:22:26.490127929
48527,page_view,quiz_hair,08524cc6b3544d65af7faa39e9abd3f2,2023-02-06,2023-02-06 12:22:32.848239014
48528,page_view,quiz_sizes,08524cc6b3544d65af7faa39e9abd3f2,2023-02-06,2023-02-06 12:22:32.848239014
48529,page_view,quiz_measurements,08524cc6b3544d65af7faa39e9abd3f2,2023-02-06,2023-02-06 12:22:52.931308105
48530,page_view,quiz_focus,08524cc6b3544d65af7faa39e9abd3f2,2023-02-06,2023-02-06 12:22:56.878732910
48531,page_view,quiz_adventurous,08524cc6b3544d65af7faa39e9abd3f2,2023-02-06,2023-02-06 12:23:28.066277100
48538,page_view,quiz_styles,08524cc6b3544d65af7faa39e9abd3f2,2023-02-06,2023-02-06 12:23:48.000218018
48532,page_view,quiz_prices,08524cc6b3544d65af7faa39e9abd3f2,2023-02-06,2023-02-06 12:24:15.180350098
48533,page_view,quiz_avoid,08524cc6b3544d65af7faa39e9abd3f2,2023-02-06,2023-02-06 12:24:25.211767090
48534,page_view,quiz_footwear,08524cc6b3544d65af7faa39e9abd3f2,2023-02-06,2023-02-06 12:24:50.022395996
48539,page_view,quiz_you,08524cc6b3544d65af7faa39e9abd3f2,2023-02-06,2023-02-06 12:25:08.240395020
48540,page_view,quiz_photos,08524cc6b3544d65af7faa39e9abd3f2,2023-02-06,2023-02-06 12:25:21.205174072
48535,page_view,quiz_social,08524cc6b3544d65af7faa39e9abd3f2,2023-02-06,2023-02-06 12:25:31.180292969
48536,page_view,quiz_signUp,08524cc6b3544d65af7faa39e9abd3f2,2023-02-06,2023-02-06 12:25:31.180292969
48537,page_view,quiz_signUp,08524cc6b3544d65af7faa39e9abd3f2,2023-02-06,2023-02-06 12:26:14.990445068
48797,page_view,quiz_signUp,08524cc6b3544d65af7faa39e9abd3f2,2023-02-06,2023-02-06 17:55:04.418727051
48773,page_view,quiz_social,08524cc6b3544d65af7faa39e9abd3f2,2023-02-06,2023-02-06 17:55:16.712672119
48774,page_view,quiz_photos,08524cc6b3544d65af7faa39e9abd3f2,2023-02-06,2023-02-06 17:55:16.712672119
48775,page_view,quiz_you,08524cc6b3544d65af7faa39e9abd3f2,2023-02-06,2023-02-06 17:55:16.712672119
48776,page_view,quiz_footwear,08524cc6b3544d65af7faa39e9abd3f2,2023-02-06,2023-02-06 17:55:22.723976074
48777,page_view,quiz_avoid,08524cc6b3544d65af7faa39e9abd3f2,2023-02-06,2023-02-06 17:55:22.723976074
48778,page_view,quiz_prices,08524cc6b3544d65af7faa39e9abd3f2,2023-02-06,2023-02-06 17:55:22.723976074
48779,page_view,quiz_styles,08524cc6b3544d65af7faa39e9abd3f2,2023-02-06,2023-02-06 17:55:22.723976074
48780,page_view,quiz_adventurous,08524cc6b3544d65af7faa39e9abd3f2,2023-02-06,2023-02-06 17:55:28.445662109
48781,page_view,quiz_focus,08524cc6b3544d65af7faa39e9abd3f2,2023-02-06,2023-02-06 17:55:28.445662109
48782,page_view,quiz_measurements,08524cc6b3544d65af7faa39e9abd3f2,2023-02-06,2023-02-06 17:55:28.445662109
48783,page_view,quiz_sizes,08524cc6b3544d65af7faa39e9abd3f2,2023-02-06,2023-02-06 17:55:28.445662109
48784,page_view,quiz_hair,08524cc6b3544d65af7faa39e9abd3f2,2023-02-06,2023-02-06 17:55:28.445662109
48761,page_view,quiz_eyes,08524cc6b3544d65af7faa39e9abd3f2,2023-02-06,2023-02-06 17:55:34.128572021
48762,page_view,quiz_bodyShape,08524cc6b3544d65af7faa39e9abd3f2,2023-02-06,2023-02-06 17:55:34.128572021
48785,page_view,quiz_highlight,08524cc6b3544d65af7faa39e9abd3f2,2023-02-06,2023-02-06 17:55:39.944897949
48786,page_view,quiz_fit,08524cc6b3544d65af7faa39e9abd3f2,2023-02-06,2023-02-06 17:55:39.944897949
48787,page_view,quiz_work,08524cc6b3544d65af7faa39e9abd3f2,2023-02-06,2023-02-06 17:55:39.944897949
48788,page_view,quiz_leisure,08524cc6b3544d65af7faa39e9abd3f2,2023-02-06,2023-02-06 17:55:39.944897949
48798,page_view,quiz_leisure,08524cc6b3544d65af7faa39e9abd3f2,2023-02-06,2023-02-06 17:55:51.661750977
48790,page_view,quiz_work,08524cc6b3544d65af7faa39e9abd3f2,2023-02-06,2023-02-06 17:56:08.311767090
48799,page_view,quiz_fit,08524cc6b3544d65af7faa39e9abd3f2,2023-02-06,2023-02-06 17:56:20.370855957
48791,page_view,quiz_highlight,08524cc6b3544d65af7faa39e9abd3f2,2023-02-06,2023-02-06 17:56:35.099616943
48800,page_view,quiz_bodyShape,08524cc6b3544d65af7faa39e9abd3f2,2023-02-06,2023-02-06 17:56:58.103570068
48764,page_view,quiz_eyes,08524cc6b3544d65af7faa39e9abd3f2,2023-02-06,2023-02-06 17:57:32.161795898
48801,page_view,quiz_hair,08524cc6b3544d65af7faa39e9abd3f2,2023-02-06,2023-02-06 17:57:40.823811035
48802,page_view,quiz_sizes,08524cc6b3544d65af7faa39e9abd3f2,2023-02-06,2023-02-06 17:57:40.823811035
48765,page_view,quiz_measurements,08524cc6b3544d65af7faa39e9abd3f2,2023-02-06,2023-02-06 17:57:47.877604980
48766,page_view,quiz_focus,08524cc6b3544d65af7faa39e9abd3f2,2023-02-06,2023-02-06 17:57:47.877604980
48767,page_view,quiz_adventurous,08524cc6b3544d65af7faa39e9abd3f2,2023-02-06,2023-02-06 17:57:58.315032959
48768,page_view,quiz_styles,08524cc6b3544d65af7faa39e9abd3f2,2023-02-06,2023-02-06 17:58:15.996735107
48763,page_view,quiz_prices,08524cc6b3544d65af7faa39e9abd3f2,2023-02-06,2023-02-06 18:00:26.055418945
48769,page_view,quiz_avoid,08524cc6b3544d65af7faa39e9abd3f2,2023-02-06,2023-02-06 18:00:46.695559082
48792,page_view,quiz_you,08524cc6b3544d65af7faa39e9abd3f2,2023-02-06,2023-02-06 18:00:59.555039062
48793,page_view,quiz_photos,08524cc6b3544d65af7faa39e9abd3f2,2023-02-06,2023-02-06 18:00:59.555039062
48770,page_view,quiz_social,08524cc6b3544d65af7faa39e9abd3f2,2023-02-06,2023-02-06 18:05:18.126677979
48794,page_view,quiz_signUp,08524cc6b3544d65af7faa39e9abd3f2,2023-02-06,2023-02-06 18:05:28.132849121
6192,page_view,quiz_work,0b9ab36679d64edbb7d6a830d103b91f,2023-01-21,2023-01-21 08:54:37.242909912
6180,page_view,quiz_fit,0b9ab36679d64edbb7d6a830d103b91f,2023-01-21,2023-01-21 08:54:48.563187012
6193,page_view,quiz_highlight,0b9ab36679d64edbb7d6a830d103b91f,2023-01-21,2023-01-21 08:54:59.950811035
6194,page_view,quiz_bodyShape,0b9ab36679d64edbb7d6a830d103b91f,2023-01-21,2023-01-21 08:55:31.422834961
6181,page_view,quiz_eyes,0b9ab36679d64edbb7d6a830d103b91f,2023-01-21,2023-01-21 08:55:58.700729980
6195,page_view,quiz_hair,0b9ab36679d64edbb7d6a830d103b91f,2023-01-21,2023-01-21 08:56:10.841639893
6182,page_view,quiz_sizes,0b9ab36679d64edbb7d6a830d103b91f,2023-01-21,2023-01-21 08:56:19.509735107
6183,page_view,quiz_measurements,0b9ab36679d64edbb7d6a830d103b91f,2023-01-21,2023-01-21 08:56:34.951832031
6196,page_view,quiz_focus,0b9ab36679d64edbb7d6a830d103b91f,2023-01-21,2023-01-21 08:56:55.596491943
6184,page_view,quiz_adventurous,0b9ab36679d64edbb7d6a830d103b91f,2023-01-21,2023-01-21 08:57:09.795804932
6197,page_view,quiz_styles,0b9ab36679d64edbb7d6a830d103b91f,2023-01-21,2023-01-21 08:57:38.114461914
6185,page_view,quiz_prices,0b9ab36679d64edbb7d6a830d103b91f,2023-01-21,2023-01-21 08:58:48.678941895
6186,page_view,quiz_avoid,0b9ab36679d64edbb7d6a830d103b91f,2023-01-21,2023-01-21 08:59:30.183226074
6198,page_view,quiz_footwear,0b9ab36679d64edbb7d6a830d103b91f,2023-01-21,2023-01-21 08:59:46.436992920
6187,page_view,quiz_you,0b9ab36679d64edbb7d6a830d103b91f,2023-01-21,2023-01-21 08:59:53.573683105
6188,page_view,quiz_photos,0b9ab36679d64edbb7d6a830d103b91f,2023-01-21,2023-01-21 09:00:15.561371094
6199,page_view,quiz_social,0b9ab36679d64edbb7d6a830d103b91f,2023-01-21,2023-01-21 09:13:17.818800049
6202,page_view,quiz_signUp,0b9ab36679d64edbb7d6a830d103b91f,2023-01-21,2023-01-21 09:13:36.250691895
44742,page_view,quiz_leisure,0c4e7af8218440eaa383bc6655712a55,2023-01-27,2023-01-27 14:24:04.871144043
3065,page_view,quiz_work,117c6171044e4fdf8cbd8c4dc6a59cb8,2023-02-03,2023-02-03 08:54:25.281611084
3066,page_view,quiz_fit,117c6171044e4fdf8cbd8c4dc6a59cb8,2023-02-03,2023-02-03 08:54:39.373299072
3417,page_view,quiz_highlight,117c6171044e4fdf8cbd8c4dc6a59cb8,2023-02-03,2023-02-03 08:54:48.776319092
3418,page_view,quiz_bodyShape,117c6171044e4fdf8cbd8c4dc6a59cb8,2023-02-03,2023-02-03 08:55:03.182011963
3419,page_view,quiz_eyes,117c6171044e4fdf8cbd8c4dc6a59cb8,2023-02-03,2023-02-03 08:55:45.143791992
3420,page_view,quiz_hair,117c6171044e4fdf8cbd8c4dc6a59cb8,2023-02-03,2023-02-03 08:55:45.143791992
3421,page_view,quiz_sizes,117c6171044e4fdf8cbd8c4dc6a59cb8,2023-02-03,2023-02-03 08:56:00.050303955
3422,page_view,quiz_measurements,117c6171044e4fdf8cbd8c4dc6a59cb8,2023-02-03,2023-02-03 08:56:19.639531982
3423,page_view,quiz_focus,117c6171044e4fdf8cbd8c4dc6a59cb8,2023-02-03,2023-02-03 08:56:34.029992920
3424,page_view,quiz_adventurous,117c6171044e4fdf8cbd8c4dc6a59cb8,2023-02-03,2023-02-03 08:56:45.138032959
3425,page_view,quiz_styles,117c6171044e4fdf8cbd8c4dc6a59cb8,2023-02-03,2023-02-03 08:57:06.177367920
3067,page_view,quiz_prices,117c6171044e4fdf8cbd8c4dc6a59cb8,2023-02-03,2023-02-03 08:57:48.113459961
3426,page_view,quiz_avoid,117c6171044e4fdf8cbd8c4dc6a59cb8,2023-02-03,2023-02-03 08:57:58.216397949
3427,page_view,quiz_footwear,117c6171044e4fdf8cbd8c4dc6a59cb8,2023-02-03,2023-02-03 08:58:11.929107910
3428,page_view,quiz_you,117c6171044e4fdf8cbd8c4dc6a59cb8,2023-02-03,2023-02-03 08:58:31.768034912
3429,page_view,quiz_photos,117c6171044e4fdf8cbd8c4dc6a59cb8,2023-02-03,2023-02-03 08:58:50.650548096
3430,page_view,quiz_social,117c6171044e4fdf8cbd8c4dc6a59cb8,2023-02-03,2023-02-03 09:00:50.045263916
3431,page_view,quiz_signUp,117c6171044e4fdf8cbd8c4dc6a59cb8,2023-02-03,2023-02-03 09:00:58.775760010
4036,page_view,quiz_work,1285e4e59c0d43e4ac921cd9db535f0d,2023-02-03,2023-02-03 21:28:02.400930908
4037,page_view,quiz_fit,1285e4e59c0d43e4ac921cd9db535f0d,2023-02-03,2023-02-03 21:28:24.717074951
4130,page_view,quiz_highlight,1285e4e59c0d43e4ac921cd9db535f0d,2023-02-03,2023-02-03 21:29:06.149093994
4131,page_view,quiz_bodyShape,1285e4e59c0d43e4ac921cd9db535f0d,2023-02-03,2023-02-03 21:29:31.928780029
4038,page_view,quiz_eyes,1285e4e59c0d43e4ac921cd9db535f0d,2023-02-03,2023-02-03 21:30:02.978833008
4039,page_view,quiz_hair,1285e4e59c0d43e4ac921cd9db535f0d,2023-02-03,2023-02-03 21:30:09.210533936
4040,page_view,quiz_sizes,1285e4e59c0d43e4ac921cd9db535f0d,2023-02-03,2023-02-03 21:30:10.406049072
4041,page_view,quiz_measurements,1285e4e59c0d43e4ac921cd9db535f0d,2023-02-03,2023-02-03 21:30:39.516488037
4132,page_view,quiz_focus,1285e4e59c0d43e4ac921cd9db535f0d,2023-02-03,2023-02-03 21:30:51.736907959
4133,page_view,quiz_adventurous,1285e4e59c0d43e4ac921cd9db535f0d,2023-02-03,2023-02-03 21:31:09.174687988
4134,page_view,quiz_styles,1285e4e59c0d43e4ac921cd9db535f0d,2023-02-03,2023-02-03 21:32:38.396748047
4135,page_view,quiz_prices,1285e4e59c0d43e4ac921cd9db535f0d,2023-02-03,2023-02-03 21:35:53.637370117
4136,page_view,quiz_avoid,1285e4e59c0d43e4ac921cd9db535f0d,2023-02-03,2023-02-03 21:36:09.920872070
4137,page_view,quiz_footwear,1285e4e59c0d43e4ac921cd9db535f0d,2023-02-03,2023-02-03 21:36:20.566349121
4042,page_view,quiz_you,1285e4e59c0d43e4ac921cd9db535f0d,2023-02-03,2023-02-03 21:36:57.583569092
4138,page_view,quiz_photos,1285e4e59c0d43e4ac921cd9db535f0d,2023-02-03,2023-02-03 21:37:49.994096924
4052,page_view,quiz_social,1285e4e59c0d43e4ac921cd9db535f0d,2023-02-03,2023-02-03 21:57:58.808475098
4053,page_view,quiz_signUp,1285e4e59c0d43e4ac921cd9db535f0d,2023-02-03,2023-02-03 21:58:12.951798096
34675,page_view,quiz_work,1932240bef894979be69257cc5431843,2023-02-01,2023-02-01 19:58:01.351085938
18631,page_view,quiz_fit,1932240bef894979be69257cc5431843,2023-02-01,2023-02-01 19:58:22.524487061
34671,page_view,quiz_highlight,1932240bef894979be69257cc5431843,2023-02-01,2023-02-01 19:58:48.041948975
18632,page_view,quiz_bodyShape,1932240bef894979be69257cc5431843,2023-02-01,2023-02-01 19:59:17.454112061
34681,page_view,quiz_eyes,1932240bef894979be69257cc5431843,2023-02-01,2023-02-01 20:00:36.146724121
18633,page_view,quiz_hair,1932240bef894979be69257cc5431843,2023-02-01,2023-02-01 20:00:48.112787109
34682,page_view,quiz_sizes,1932240bef894979be69257cc5431843,2023-02-01,2023-02-01 20:00:57.393861084
18634,page_view,quiz_measurements,1932240bef894979be69257cc5431843,2023-02-01,2023-02-01 20:01:43.499042969
34683,page_view,quiz_focus,1932240bef894979be69257cc5431843,2023-02-01,2023-02-01 20:02:11.487917969
34672,page_view,quiz_adventurous,1932240bef894979be69257cc5431843,2023-02-01,2023-02-01 20:02:40.069849121
34673,page_view,quiz_styles,1932240bef894979be69257cc5431843,2023-02-01,2023-02-01 20:03:10.619902100
18636,page_view,quiz_prices,1932240bef894979be69257cc5431843,2023-02-01,2023-02-01 20:04:28.982854980
34684,page_view,quiz_avoid,1932240bef894979be69257cc5431843,2023-02-01,2023-02-01 20:04:50.977165039
34685,page_view,quiz_you,1932240bef894979be69257cc5431843,2023-02-01,2023-02-01 20:05:35.348551025
34674,page_view,quiz_photos,1932240bef894979be69257cc5431843,2023-02-01,2023-02-01 20:06:18.017468994
34679,page_view,quiz_social,1932240bef894979be69257cc5431843,2023-02-01,2023-02-01 20:11:38.407527100
34676,page_view,quiz_signUp,1932240bef894979be69257cc5431843,2023-02-01,2023-02-01 20:11:50.561937988
19562,page_view,quiz_work,19322fed157c49c6b16e2d5cabeb9592,2023-01-02,2023-01-01 23:46:22.937061035
19563,page_view,quiz_fit,19322fed157c49c6b16e2d5cabeb9592,2023-01-02,2023-01-01 23:46:28.530373047
19564,page_view,quiz_highlight,19322fed157c49c6b16e2d5cabeb9592,2023-01-02,2023-01-01 23:46:37.493605957
19565,page_view,quiz_bodyShape,19322fed157c49c6b16e2d5cabeb9592,2023-01-02,2023-01-01 23:46:55.845504882
19566,page_view,quiz_eyes,19322fed157c49c6b16e2d5cabeb9592,2023-01-02,2023-01-01 23:47:09.006892090
19567,page_view,quiz_hair,19322fed157c49c6b16e2d5cabeb9592,2023-01-02,2023-01-01 23:47:09.006892090
19568,page_view,quiz_sizes,19322fed157c49c6b16e2d5cabeb9592,2023-01-02,2023-01-01 23:47:23.805379883
19569,page_view,quiz_measurements,19322fed157c49c6b16e2d5cabeb9592,2023-01-02,2023-01-01 23:47:44.111541016
19570,page_view,quiz_focus,19322fed157c49c6b16e2d5cabeb9592,2023-01-02,2023-01-01 23:47:55.815562988
19571,page_view,quiz_adventurous,19322fed157c49c6b16e2d5cabeb9592,2023-01-02,2023-01-01 23:48:06.504979980
19572,page_view,quiz_styles,19322fed157c49c6b16e2d5cabeb9592,2023-01-02,2023-01-01 23:48:26.118845947
19573,page_view,quiz_prices,19322fed157c49c6b16e2d5cabeb9592,2023-01-02,2023-01-01 23:49:09.175111084
19574,page_view,quiz_avoid,19322fed157c49c6b16e2d5cabeb9592,2023-01-02,2023-01-01 23:49:14.342586914
19575,page_view,quiz_footwear,19322fed157c49c6b16e2d5cabeb9592,2023-01-02,2023-01-01 23:49:39.232374023
19576,page_view,quiz_you,19322fed157c49c6b16e2d5cabeb9592,2023-01-02,2023-01-01 23:50:07.057295898
19577,page_view,quiz_photos,19322fed157c49c6b16e2d5cabeb9592,2023-01-02,2023-01-01 23:50:24.722818115
19578,page_view,quiz_social,19322fed157c49c6b16e2d5cabeb9592,2023-01-02,2023-01-01 23:50:34.685398926
19579,page_view,quiz_signUp,19322fed157c49c6b16e2d5cabeb9592,2023-01-02,2023-01-01 23:50:41.626324951
41060,page_view,quiz_work,287cd4480785430b83bb19f93318a7b7,2023-02-16,2023-02-16 16:06:39.790656982
41062,page_view,quiz_fit,287cd4480785430b83bb19f93318a7b7,2023-02-16,2023-02-16 16:06:49.665093994
41174,page_view,quiz_highlight,287cd4480785430b83bb19f93318a7b7,2023-02-16,2023-02-16 16:07:03.941514893
41063,page_view,quiz_bodyShape,287cd4480785430b83bb19f93318a7b7,2023-02-16,2023-02-16 16:07:18.647086914
41064,page_view,quiz_eyes,287cd4480785430b83bb19f93318a7b7,2023-02-16,2023-02-16 16:07:29.948210938
41175,page_view,quiz_hair,287cd4480785430b83bb19f93318a7b7,2023-02-16,2023-02-16 16:07:36.797514893
41176,page_view,quiz_sizes,287cd4480785430b83bb19f93318a7b7,2023-02-16,2023-02-16 16:07:36.797514893
41177,page_view,quiz_hair,287cd4480785430b83bb19f93318a7b7,2023-02-16,2023-02-16 16:09:12.983029053
41066,page_view,quiz_hair,287cd4480785430b83bb19f93318a7b7,2023-02-16,2023-02-16 16:09:29.934042969
63472,page_view,quiz_work,287cd4480785430b83bb19f93318a7b7,2023-02-23,2023-02-23 17:14:36.561560059
34856,page_view,quiz_fit,287cd4480785430b83bb19f93318a7b7,2023-02-23,2023-02-23 17:14:45.205585938
34857,page_view,quiz_highlight,287cd4480785430b83bb19f93318a7b7,2023-02-23,2023-02-23 17:15:04.049856934
63473,page_view,quiz_bodyShape,287cd4480785430b83bb19f93318a7b7,2023-02-23,2023-02-23 17:15:12.735437012
63474,page_view,quiz_eyes,287cd4480785430b83bb19f93318a7b7,2023-02-23,2023-02-23 17:15:19.493520996
34858,page_view,quiz_hair,287cd4480785430b83bb19f93318a7b7,2023-02-23,2023-02-23 17:15:29.767675049
34859,page_view,quiz_sizes,287cd4480785430b83bb19f93318a7b7,2023-02-23,2023-02-23 17:15:29.767675049
34860,page_view,quiz_measurements,287cd4480785430b83bb19f93318a7b7,2023-02-23,2023-02-23 17:15:57.261319092
34861,page_view,quiz_focus,287cd4480785430b83bb19f93318a7b7,2023-02-23,2023-02-23 17:16:07.273553955
63475,page_view,quiz_adventurous,287cd4480785430b83bb19f93318a7b7,2023-02-23,2023-02-23 17:16:15.027641113
63476,page_view,quiz_styles,287cd4480785430b83bb19f93318a7b7,2023-02-23,2023-02-23 17:16:27.065077881
63477,page_view,quiz_prices,287cd4480785430b83bb19f93318a7b7,2023-02-23,2023-02-23 17:16:58.032763916
63478,page_view,quiz_avoid,287cd4480785430b83bb19f93318a7b7,2023-02-23,2023-02-23 17:17:02.884174072
34862,page_view,quiz_you,287cd4480785430b83bb19f93318a7b7,2023-02-23,2023-02-23 17:17:20.247846924
63479,page_view,quiz_photos,287cd4480785430b83bb19f93318a7b7,2023-02-23,2023-02-23 17:17:36.096824951
34864,page_view,quiz_social,287cd4480785430b83bb19f93318a7b7,2023-02-23,2023-02-23 17:17:45.665084961
34865,page_view,quiz_signUp,287cd4480785430b83bb19f93318a7b7,2023-02-23,2023-02-23 17:17:52.022218994
45255,page_view,quiz_work,28afb6f2fecb45508fb35ed818927b57,2023-01-27,2023-01-27 20:05:14.607353027
45261,page_view,quiz_fit,28afb6f2fecb45508fb35ed818927b57,2023-01-27,2023-01-27 20:05:39.931706055
45006,page_view,quiz_highlight,28afb6f2fecb45508fb35ed818927b57,2023-01-27,2023-01-27 20:06:12.114915039
45262,page_view,quiz_fit,28afb6f2fecb45508fb35ed818927b57,2023-01-27,2023-01-27 20:06:22.072846924
45256,page_view,quiz_highlight,28afb6f2fecb45508fb35ed818927b57,2023-01-27,2023-01-27 20:06:35.161555908
45251,page_view,quiz_bodyShape,28afb6f2fecb45508fb35ed818927b57,2023-01-27,2023-01-27 20:07:02.273311035
45257,page_view,quiz_eyes,28afb6f2fecb45508fb35ed818927b57,2023-01-27,2023-01-27 20:07:36.851357910
45007,page_view,quiz_hair,28afb6f2fecb45508fb35ed818927b57,2023-01-27,2023-01-27 20:07:55.900740967
45263,page_view,quiz_sizes,28afb6f2fecb45508fb35ed818927b57,2023-01-27,2023-01-27 20:08:11.845350098
45264,page_view,quiz_measurements,28afb6f2fecb45508fb35ed818927b57,2023-01-27,2023-01-27 20:10:19.141178955
45265,page_view,quiz_focus,28afb6f2fecb45508fb35ed818927b57,2023-01-27,2023-01-27 20:10:31.405373047
45266,page_view,quiz_adventurous,28afb6f2fecb45508fb35ed818927b57,2023-01-27,2023-01-27 20:11:06.266582031
45252,page_view,quiz_styles,28afb6f2fecb45508fb35ed818927b57,2023-01-27,2023-01-27 20:12:09.878637939
45253,page_view,quiz_prices,28afb6f2fecb45508fb35ed818927b57,2023-01-27,2023-01-27 20:13:47.588245117
45267,page_view,quiz_avoid,28afb6f2fecb45508fb35ed818927b57,2023-01-27,2023-01-27 20:16:01.738173096
45268,page_view,quiz_you,28afb6f2fecb45508fb35ed818927b57,2023-01-27,2023-01-27 20:16:48.138072021
45008,page_view,quiz_photos,28afb6f2fecb45508fb35ed818927b57,2023-01-27,2023-01-27 20:17:17.257881104
45014,page_view,quiz_social,28afb6f2fecb45508fb35ed818927b57,2023-01-27,2023-01-27 20:31:09.166449951
45009,page_view,quiz_signUp,28afb6f2fecb45508fb35ed818927b57,2023-01-27,2023-01-27 20:31:24.534834961
74084,page_view,quiz_work,33354fc7eefa4f23a7cda6c23fc86ee6,2023-01-01,2023-01-01 03:51:24.087449951
74086,page_view,quiz_leisure,33354fc7eefa4f23a7cda6c23fc86ee6,2023-01-01,2023-01-01 13:39:35.657666992
74087,page_view,quiz_work,33354fc7eefa4f23a7cda6c23fc86ee6,2023-01-01,2023-01-01 13:39:54.253562012
74088,page_view,quiz_fit,33354fc7eefa4f23a7cda6c23fc86ee6,2023-01-01,2023-01-01 13:40:04.377633057
74089,page_view,quiz_highlight,33354fc7eefa4f23a7cda6c23fc86ee6,2023-01-01,2023-01-01 13:40:11.995288086
74090,page_view,quiz_bodyShape,33354fc7eefa4f23a7cda6c23fc86ee6,2023-01-01,2023-01-01 13:40:34.577500977
74091,page_view,quiz_eyes,33354fc7eefa4f23a7cda6c23fc86ee6,2023-01-01,2023-01-01 13:40:34.577500977
74092,page_view,quiz_hair,33354fc7eefa4f23a7cda6c23fc86ee6,2023-01-01,2023-01-01 13:40:45.605797119
74093,page_view,quiz_sizes,33354fc7eefa4f23a7cda6c23fc86ee6,2023-01-01,2023-01-01 13:41:12.743913086
74094,page_view,quiz_hair,33354fc7eefa4f23a7cda6c23fc86ee6,2023-01-01,2023-01-01 13:41:40.149971924
74095,page_view,quiz_sizes,33354fc7eefa4f23a7cda6c23fc86ee6,2023-01-01,2023-01-01 13:41:40.149971924
74096,page_view,quiz_measurements,33354fc7eefa4f23a7cda6c23fc86ee6,2023-01-01,2023-01-01 13:42:10.137205078
74097,page_view,quiz_focus,33354fc7eefa4f23a7cda6c23fc86ee6,2023-01-01,2023-01-01 13:42:21.476327881
74098,page_view,quiz_adventurous,33354fc7eefa4f23a7cda6c23fc86ee6,2023-01-01,2023-01-01 13:42:39.800409912
74099,page_view,quiz_styles,33354fc7eefa4f23a7cda6c23fc86ee6,2023-01-01,2023-01-01 13:43:20.382710938
74100,page_view,quiz_prices,33354fc7eefa4f23a7cda6c23fc86ee6,2023-01-01,2023-01-01 13:44:56.869396973
74101,page_view,quiz_avoid,33354fc7eefa4f23a7cda6c23fc86ee6,2023-01-01,2023-01-01 13:45:13.973259033
74102,page_view,quiz_footwear,33354fc7eefa4f23a7cda6c23fc86ee6,2023-01-01,2023-01-01 13:46:25.366170898
74103,page_view,quiz_you,33354fc7eefa4f23a7cda6c23fc86ee6,2023-01-01,2023-01-01 13:46:52.606839111
74104,page_view,quiz_photos,33354fc7eefa4f23a7cda6c23fc86ee6,2023-01-01,2023-01-01 13:47:08.634458008
74105,page_view,quiz_you,33354fc7eefa4f23a7cda6c23fc86ee6,2023-01-01,2023-01-01 14:02:29.670970947
74106,page_view,quiz_photos,33354fc7eefa4f23a7cda6c23fc86ee6,2023-01-01,2023-01-01 14:02:39.787183105
74107,page_view,quiz_social,33354fc7eefa4f23a7cda6c23fc86ee6,2023-01-01,2023-01-01 14:05:53.462802002
74108,page_view,quiz_signUp,33354fc7eefa4f23a7cda6c23fc86ee6,2023-01-01,2023-01-01 14:06:37.586673096
28542,page_view,quiz_leisure,4b28a002f4e4447fa46615ac55d6bd95,2023-03-13,2023-03-13 19:24:13.353709961
14464,page_view,quiz_leisure,4fcccc46bdd64ef9a4ca06936adcc718,2023-01-31,2023-01-31 10:06:48.652164062
36029,page_view,quiz_leisure,4fcccc46bdd64ef9a4ca06936adcc718,2023-01-31,2023-01-31 21:31:33.600183105
34636,page_view,quiz_leisure,4fcccc46bdd64ef9a4ca06936adcc718,2023-02-01,2023-02-01 17:07:25.952574951
34637,page_view,quiz_work,4fcccc46bdd64ef9a4ca06936adcc718,2023-02-01,2023-02-01 17:07:36.544123047
34638,page_view,quiz_fit,4fcccc46bdd64ef9a4ca06936adcc718,2023-02-01,2023-02-01 17:07:36.544123047
34626,page_view,quiz_highlight,4fcccc46bdd64ef9a4ca06936adcc718,2023-02-01,2023-02-01 17:07:46.305157959
34627,page_view,quiz_bodyShape,4fcccc46bdd64ef9a4ca06936adcc718,2023-02-01,2023-02-01 17:07:58.665552002
34639,page_view,quiz_eyes,4fcccc46bdd64ef9a4ca06936adcc718,2023-02-01,2023-02-01 17:08:03.924364014
34628,page_view,quiz_hair,4fcccc46bdd64ef9a4ca06936adcc718,2023-02-01,2023-02-01 17:08:12.781459961
34629,page_view,quiz_sizes,4fcccc46bdd64ef9a4ca06936adcc718,2023-02-01,2023-02-01 17:08:12.781459961
34640,page_view,quiz_measurements,4fcccc46bdd64ef9a4ca06936adcc718,2023-02-01,2023-02-01 17:08:44.532496094
34633,page_view,quiz_focus,4fcccc46bdd64ef9a4ca06936adcc718,2023-02-01,2023-02-01 17:09:03.412518066
34630,page_view,quiz_adventurous,4fcccc46bdd64ef9a4ca06936adcc718,2023-02-01,2023-02-01 17:09:07.892260010
34641,page_view,quiz_styles,4fcccc46bdd64ef9a4ca06936adcc718,2023-02-01,2023-02-01 17:09:20.743381104
34631,page_view,quiz_prices,4fcccc46bdd64ef9a4ca06936adcc718,2023-02-01,2023-02-01 17:09:31.085916992
34632,page_view,quiz_avoid,4fcccc46bdd64ef9a4ca06936adcc718,2023-02-01,2023-02-01 17:09:31.085916992
34642,page_view,quiz_footwear,4fcccc46bdd64ef9a4ca06936adcc718,2023-02-01,2023-02-01 17:10:00.160700928
34634,page_view,quiz_you,4fcccc46bdd64ef9a4ca06936adcc718,2023-02-01,2023-02-01 17:10:09.624165039
34643,page_view,quiz_photos,4fcccc46bdd64ef9a4ca06936adcc718,2023-02-01,2023-02-01 17:10:19.263038086
34644,page_view,quiz_social,4fcccc46bdd64ef9a4ca06936adcc718,2023-02-01,2023-02-01 17:10:29.786714111
34645,page_view,quiz_signUp,4fcccc46bdd64ef9a4ca06936adcc718,2023-02-01,2023-02-01 17:10:29.786714111
34646,page_view,quiz_social,4fcccc46bdd64ef9a4ca06936adcc718,2023-02-01,2023-02-01 17:10:42.179812012
34647,page_view,quiz_photos,4fcccc46bdd64ef9a4ca06936adcc718,2023-02-01,2023-02-01 17:10:42.179812012
34664,page_view,quiz_you,4fcccc46bdd64ef9a4ca06936adcc718,2023-02-01,2023-02-01 18:33:40.675660889
34649,page_view,quiz_footwear,4fcccc46bdd64ef9a4ca06936adcc718,2023-02-01,2023-02-01 18:33:46.889080078
34650,page_view,quiz_avoid,4fcccc46bdd64ef9a4ca06936adcc718,2023-02-01,2023-02-01 18:33:46.889080078
34651,page_view,quiz_prices,4fcccc46bdd64ef9a4ca06936adcc718,2023-02-01,2023-02-01 18:33:46.889080078
34652,page_view,quiz_styles,4fcccc46bdd64ef9a4ca06936adcc718,2023-02-01,2023-02-01 18:33:46.889080078
34653,page_view,quiz_adventurous,4fcccc46bdd64ef9a4ca06936adcc718,2023-02-01,2023-02-01 18:33:46.889080078
34654,page_view,quiz_focus,4fcccc46bdd64ef9a4ca06936adcc718,2023-02-01,2023-02-01 18:33:53.296952881
34655,page_view,quiz_measurements,4fcccc46bdd64ef9a4ca06936adcc718,2023-02-01,2023-02-01 18:33:53.296952881
34656,page_view,quiz_sizes,4fcccc46bdd64ef9a4ca06936adcc718,2023-02-01,2023-02-01 18:33:53.296952881
34657,page_view,quiz_hair,4fcccc46bdd64ef9a4ca06936adcc718,2023-02-01,2023-02-01 18:33:53.296952881
34658,page_view,quiz_eyes,4fcccc46bdd64ef9a4ca06936adcc718,2023-02-01,2023-02-01 18:33:59.119310059
34659,page_view,quiz_bodyShape,4fcccc46bdd64ef9a4ca06936adcc718,2023-02-01,2023-02-01 18:33:59.119310059
34660,page_view,quiz_highlight,4fcccc46bdd64ef9a4ca06936adcc718,2023-02-01,2023-02-01 18:33:59.119310059
34661,page_view,quiz_fit,4fcccc46bdd64ef9a4ca06936adcc718,2023-02-01,2023-02-01 18:33:59.119310059
74118,page_view,quiz_leisure,5379734ea78c4b0f9580fb994ac93510,2023-01-01,2023-01-01 16:43:56.735231934
74119,page_view,quiz_work,5379734ea78c4b0f9580fb994ac93510,2023-01-01,2023-01-01 16:44:03.368487061
74120,page_view,quiz_fit,5379734ea78c4b0f9580fb994ac93510,2023-01-01,2023-01-01 16:44:08.198443115
74121,page_view,quiz_highlight,5379734ea78c4b0f9580fb994ac93510,2023-01-01,2023-01-01 16:44:32.922522949
74122,page_view,quiz_bodyShape,5379734ea78c4b0f9580fb994ac93510,2023-01-01,2023-01-01 16:44:53.497437988
74123,page_view,quiz_eyes,5379734ea78c4b0f9580fb994ac93510,2023-01-01,2023-01-01 16:45:26.440850098
74124,page_view,quiz_hair,5379734ea78c4b0f9580fb994ac93510,2023-01-01,2023-01-01 16:45:34.998874023
74125,page_view,quiz_sizes,5379734ea78c4b0f9580fb994ac93510,2023-01-01,2023-01-01 16:45:52.480525879
74126,page_view,quiz_measurements,5379734ea78c4b0f9580fb994ac93510,2023-01-01,2023-01-01 16:46:28.501694092
74127,page_view,quiz_focus,5379734ea78c4b0f9580fb994ac93510,2023-01-01,2023-01-01 16:46:32.422902100
74128,page_view,quiz_adventurous,5379734ea78c4b0f9580fb994ac93510,2023-01-01,2023-01-01 16:46:53.931542969
74129,page_view,quiz_styles,5379734ea78c4b0f9580fb994ac93510,2023-01-01,2023-01-01 16:47:36.932450928
74130,page_view,quiz_prices,5379734ea78c4b0f9580fb994ac93510,2023-01-01,2023-01-01 16:48:37.555931885
74131,page_view,quiz_avoid,5379734ea78c4b0f9580fb994ac93510,2023-01-01,2023-01-01 16:48:47.148904053
74132,page_view,quiz_prices,5379734ea78c4b0f9580fb994ac93510,2023-01-01,2023-01-01 16:48:47.148904053
74133,page_view,quiz_avoid,5379734ea78c4b0f9580fb994ac93510,2023-01-01,2023-01-01 16:48:58.835456055
74134,page_view,quiz_you,5379734ea78c4b0f9580fb994ac93510,2023-01-01,2023-01-01 16:49:06.813762939
74135,page_view,quiz_photos,5379734ea78c4b0f9580fb994ac93510,2023-01-01,2023-01-01 16:49:31.564934082
74136,page_view,quiz_social,5379734ea78c4b0f9580fb994ac93510,2023-01-01,2023-01-01 16:49:52.218054932
74137,page_view,quiz_signUp,5379734ea78c4b0f9580fb994ac93510,2023-01-01,2023-01-01 16:50:02.844288086
2997,page_view,quiz_leisure,5c2daffbac9545c0af75f557c03f2cb5,2023-01-24,2023-01-24 06:40:33.908209961
2989,page_view,quiz_work,5c2daffbac9545c0af75f557c03f2cb5,2023-01-24,2023-01-24 06:40:54.082887939
2990,page_view,quiz_fit,5c2daffbac9545c0af75f557c03f2cb5,2023-01-24,2023-01-24 06:41:11.555375000
2998,page_view,quiz_highlight,5c2daffbac9545c0af75f557c03f2cb5,2023-01-24,2023-01-24 06:41:50.399032959
2991,page_view,quiz_bodyShape,5c2daffbac9545c0af75f557c03f2cb5,2023-01-24,2023-01-24 06:42:31.968294922
2992,page_view,quiz_eyes,5c2daffbac9545c0af75f557c03f2cb5,2023-01-24,2023-01-24 06:43:07.986909912
2993,page_view,quiz_hair,5c2daffbac9545c0af75f557c03f2cb5,2023-01-24,2023-01-24 06:43:20.414871094
2994,page_view,quiz_sizes,5c2daffbac9545c0af75f557c03f2cb5,2023-01-24,2023-01-24 06:43:28.979673096
2995,page_view,quiz_measurements,5c2daffbac9545c0af75f557c03f2cb5,2023-01-24,2023-01-24 06:44:14.951290039
2999,page_view,quiz_focus,5c2daffbac9545c0af75f557c03f2cb5,2023-01-24,2023-01-24 06:44:33.615613037
2996,page_view,quiz_adventurous,5c2daffbac9545c0af75f557c03f2cb5,2023-01-24,2023-01-24 06:45:57.919396973
3000,page_view,quiz_styles,5c2daffbac9545c0af75f557c03f2cb5,2023-01-24,2023-01-24 06:46:25.566683105
3002,page_view,quiz_prices,5c2daffbac9545c0af75f557c03f2cb5,2023-01-24,2023-01-24 06:47:39.914916992
3003,page_view,quiz_avoid,5c2daffbac9545c0af75f557c03f2cb5,2023-01-24,2023-01-24 06:47:57.854513916
3004,page_view,quiz_footwear,5c2daffbac9545c0af75f557c03f2cb5,2023-01-24,2023-01-24 06:48:20.899349121
3001,page_view,quiz_you,5c2daffbac9545c0af75f557c03f2cb5,2023-01-24,2023-01-24 06:49:22.572768066
3005,page_view,quiz_photos,5c2daffbac9545c0af75f557c03f2cb5,2023-01-24,2023-01-24 06:50:24.374909912
3006,page_view,quiz_social,5c2daffbac9545c0af75f557c03f2cb5,2023-01-24,2023-01-24 07:04:10.896311035
3007,page_view,quiz_signUp,5c2daffbac9545c0af75f557c03f2cb5,2023-01-24,2023-01-24 07:05:10.863822998
50776,page_view,quiz_work,737f909b223645dea116a98407ff4c38,2023-01-28,2023-01-28 08:55:07.769093018
50833,page_view,quiz_fit,737f909b223645dea116a98407ff4c38,2023-01-28,2023-01-28 08:55:25.144020996
50834,page_view,quiz_highlight,737f909b223645dea116a98407ff4c38,2023-01-28,2023-01-28 08:55:41.455167969
50835,page_view,quiz_bodyShape,737f909b223645dea116a98407ff4c38,2023-01-28,2023-01-28 08:56:05.314050049
50777,page_view,quiz_eyes,737f909b223645dea116a98407ff4c38,2023-01-28,2023-01-28 08:57:39.058172119
50771,page_view,quiz_hair,737f909b223645dea116a98407ff4c38,2023-01-28,2023-01-28 08:57:49.017767090
50772,page_view,quiz_sizes,737f909b223645dea116a98407ff4c38,2023-01-28,2023-01-28 08:57:49.017767090
50778,page_view,quiz_measurements,737f909b223645dea116a98407ff4c38,2023-01-28,2023-01-28 08:58:26.369749023
50779,page_view,quiz_focus,737f909b223645dea116a98407ff4c38,2023-01-28,2023-01-28 08:58:42.255187988
50780,page_view,quiz_adventurous,737f909b223645dea116a98407ff4c38,2023-01-28,2023-01-28 08:58:52.849885986
50836,page_view,quiz_styles,737f909b223645dea116a98407ff4c38,2023-01-28,2023-01-28 08:59:17.773168945
50837,page_view,quiz_adventurous,737f909b223645dea116a98407ff4c38,2023-01-28,2023-01-28 08:59:17.773168945
50781,page_view,quiz_styles,737f909b223645dea116a98407ff4c38,2023-01-28,2023-01-28 08:59:24.542989990
50782,page_view,quiz_adventurous,737f909b223645dea116a98407ff4c38,2023-01-28,2023-01-28 08:59:59.315669922
50838,page_view,quiz_styles,737f909b223645dea116a98407ff4c38,2023-01-28,2023-01-28 09:00:09.979349121
50783,page_view,quiz_adventurous,737f909b223645dea116a98407ff4c38,2023-01-28,2023-01-28 09:00:26.401905029
50839,page_view,quiz_styles,737f909b223645dea116a98407ff4c38,2023-01-28,2023-01-28 09:00:48.144714111
50840,page_view,quiz_prices,737f909b223645dea116a98407ff4c38,2023-01-28,2023-01-28 09:01:49.643406006
50784,page_view,quiz_avoid,737f909b223645dea116a98407ff4c38,2023-01-28,2023-01-28 09:01:59.779153076
50785,page_view,quiz_footwear,737f909b223645dea116a98407ff4c38,2023-01-28,2023-01-28 09:02:38.089170898
50841,page_view,quiz_you,737f909b223645dea116a98407ff4c38,2023-01-28,2023-01-28 09:03:52.399072998
50842,page_view,quiz_photos,737f909b223645dea116a98407ff4c38,2023-01-28,2023-01-28 09:04:19.689875000
50786,page_view,quiz_social,737f909b223645dea116a98407ff4c38,2023-01-28,2023-01-28 09:05:20.919303955
50787,page_view,quiz_signUp,737f909b223645dea116a98407ff4c38,2023-01-28,2023-01-28 09:05:36.611658936
20953,page_view,quiz_leisure,7c4e48f6b2b5467082ecbec04e1f10c5,2023-01-30,2023-01-30 13:12:36.550785889
20973,page_view,quiz_work,7c4e48f6b2b5467082ecbec04e1f10c5,2023-01-30,2023-01-30 13:12:43.052300049
20974,page_view,quiz_fit,7c4e48f6b2b5467082ecbec04e1f10c5,2023-01-30,2023-01-30 13:12:50.820374023
20975,page_view,quiz_highlight,7c4e48f6b2b5467082ecbec04e1f10c5,2023-01-30,2023-01-30 13:12:50.820374023
36483,page_view,quiz_bodyShape,7c4e48f6b2b5467082ecbec04e1f10c5,2023-01-30,2023-01-30 13:13:03.178162109
20954,page_view,quiz_eyes,7c4e48f6b2b5467082ecbec04e1f10c5,2023-01-30,2023-01-30 13:13:24.691185059
20955,page_view,quiz_hair,7c4e48f6b2b5467082ecbec04e1f10c5,2023-01-30,2023-01-30 13:13:30.731673096
36484,page_view,quiz_sizes,7c4e48f6b2b5467082ecbec04e1f10c5,2023-01-30,2023-01-30 13:13:43.956517090
20976,page_view,quiz_measurements,7c4e48f6b2b5467082ecbec04e1f10c5,2023-01-30,2023-01-30 13:13:50.673816895
20977,page_view,quiz_focus,7c4e48f6b2b5467082ecbec04e1f10c5,2023-01-30,2023-01-30 13:13:50.673816895
20956,page_view,quiz_adventurous,7c4e48f6b2b5467082ecbec04e1f10c5,2023-01-30,2023-01-30 13:14:04.218625000
20978,page_view,quiz_styles,7c4e48f6b2b5467082ecbec04e1f10c5,2023-01-30,2023-01-30 13:14:11.265085938
20957,page_view,quiz_prices,7c4e48f6b2b5467082ecbec04e1f10c5,2023-01-30,2023-01-30 13:15:02.852177979
20958,page_view,quiz_styles,7c4e48f6b2b5467082ecbec04e1f10c5,2023-01-30,2023-01-30 13:15:02.852177979
20979,page_view,quiz_prices,7c4e48f6b2b5467082ecbec04e1f10c5,2023-01-30,2023-01-30 13:15:13.990816895
20980,page_view,quiz_avoid,7c4e48f6b2b5467082ecbec04e1f10c5,2023-01-30,2023-01-30 13:15:13.995145996
36485,page_view,quiz_footwear,7c4e48f6b2b5467082ecbec04e1f10c5,2023-01-30,2023-01-30 13:15:28.964685059
36486,page_view,quiz_you,7c4e48f6b2b5467082ecbec04e1f10c5,2023-01-30,2023-01-30 13:15:52.467631104
36487,page_view,quiz_photos,7c4e48f6b2b5467082ecbec04e1f10c5,2023-01-30,2023-01-30 13:15:52.467631104
20959,page_view,quiz_social,7c4e48f6b2b5467082ecbec04e1f10c5,2023-01-30,2023-01-30 13:16:05.315756104
20960,page_view,quiz_signUp,7c4e48f6b2b5467082ecbec04e1f10c5,2023-01-30,2023-01-30 13:16:16.900718994
20991,page_view,quiz_leisure,7c4e48f6b2b5467082ecbec04e1f10c5,2023-01-30,2023-01-30 13:22:48.231853027
20992,page_view,quiz_work,7c4e48f6b2b5467082ecbec04e1f10c5,2023-01-30,2023-01-30 13:22:48.231853027
20993,page_view,quiz_fit,7c4e48f6b2b5467082ecbec04e1f10c5,2023-01-30,2023-01-30 13:22:48.231853027
20963,page_view,quiz_highlight,7c4e48f6b2b5467082ecbec04e1f10c5,2023-01-30,2023-01-30 13:22:56.885980957
20964,page_view,quiz_bodyShape,7c4e48f6b2b5467082ecbec04e1f10c5,2023-01-30,2023-01-30 13:22:56.885980957
20965,page_view,quiz_eyes,7c4e48f6b2b5467082ecbec04e1f10c5,2023-01-30,2023-01-30 13:22:56.885980957
20966,page_view,quiz_hair,7c4e48f6b2b5467082ecbec04e1f10c5,2023-01-30,2023-01-30 13:23:03.199156006
20967,page_view,quiz_sizes,7c4e48f6b2b5467082ecbec04e1f10c5,2023-01-30,2023-01-30 13:23:03.199156006
20968,page_view,quiz_measurements,7c4e48f6b2b5467082ecbec04e1f10c5,2023-01-30,2023-01-30 13:23:03.199156006
20985,page_view,quiz_focus,7c4e48f6b2b5467082ecbec04e1f10c5,2023-01-30,2023-01-30 13:23:09.665360107
20986,page_view,quiz_adventurous,7c4e48f6b2b5467082ecbec04e1f10c5,2023-01-30,2023-01-30 13:23:09.665360107
20969,page_view,quiz_styles,7c4e48f6b2b5467082ecbec04e1f10c5,2023-01-30,2023-01-30 13:23:22.084284912
20970,page_view,quiz_prices,7c4e48f6b2b5467082ecbec04e1f10c5,2023-01-30,2023-01-30 13:23:22.084284912
20987,page_view,quiz_avoid,7c4e48f6b2b5467082ecbec04e1f10c5,2023-01-30,2023-01-30 13:23:29.219810059
20988,page_view,quiz_footwear,7c4e48f6b2b5467082ecbec04e1f10c5,2023-01-30,2023-01-30 13:23:29.219810059
20989,page_view,quiz_you,7c4e48f6b2b5467082ecbec04e1f10c5,2023-01-30,2023-01-30 13:23:36.077587891
20990,page_view,quiz_photos,7c4e48f6b2b5467082ecbec04e1f10c5,2023-01-30,2023-01-30 13:23:36.080904053
20971,page_view,quiz_social,7c4e48f6b2b5467082ecbec04e1f10c5,2023-01-30,2023-01-30 13:44:00.183836914
20995,page_view,quiz_signUp,7c4e48f6b2b5467082ecbec04e1f10c5,2023-01-30,2023-01-30 13:48:53.499326904
20996,page_view,quiz_social,7c4e48f6b2b5467082ecbec04e1f10c5,2023-01-30,2023-01-30 13:49:06.039638916
73402,page_view,quiz_work,90a01965db9a4092a66ac88a6906ab68,2023-01-01,2023-01-01 09:30:06.861964111
73403,page_view,quiz_fit,90a01965db9a4092a66ac88a6906ab68,2023-01-01,2023-01-01 09:30:15.237452881
73404,page_view,quiz_highlight,90a01965db9a4092a66ac88a6906ab68,2023-01-01,2023-01-01 09:30:32.755612061
73405,page_view,quiz_bodyShape,90a01965db9a4092a66ac88a6906ab68,2023-01-01,2023-01-01 09:30:52.229279053
73406,page_view,quiz_eyes,90a01965db9a4092a66ac88a6906ab68,2023-01-01,2023-01-01 09:30:55.877687012
73407,page_view,quiz_hair,90a01965db9a4092a66ac88a6906ab68,2023-01-01,2023-01-01 09:31:07.122657959
73408,page_view,quiz_sizes,90a01965db9a4092a66ac88a6906ab68,2023-01-01,2023-01-01 09:31:07.122657959
73409,page_view,quiz_measurements,90a01965db9a4092a66ac88a6906ab68,2023-01-01,2023-01-01 09:32:02.332111084
73410,page_view,quiz_focus,90a01965db9a4092a66ac88a6906ab68,2023-01-01,2023-01-01 09:32:19.372668945
73411,page_view,quiz_adventurous,90a01965db9a4092a66ac88a6906ab68,2023-01-01,2023-01-01 09:32:32.477874023
73412,page_view,quiz_styles,90a01965db9a4092a66ac88a6906ab68,2023-01-01,2023-01-01 09:32:49.842065918
73413,page_view,quiz_prices,90a01965db9a4092a66ac88a6906ab68,2023-01-01,2023-01-01 09:33:35.233248047
73414,page_view,quiz_avoid,90a01965db9a4092a66ac88a6906ab68,2023-01-01,2023-01-01 09:33:51.066061035
73415,page_view,quiz_you,90a01965db9a4092a66ac88a6906ab68,2023-01-01,2023-01-01 09:34:10.972066895
73416,page_view,quiz_photos,90a01965db9a4092a66ac88a6906ab68,2023-01-01,2023-01-01 09:34:24.987083008
73417,page_view,quiz_social,90a01965db9a4092a66ac88a6906ab68,2023-01-01,2023-01-01 09:35:12.329290039
73418,page_view,quiz_signUp,90a01965db9a4092a66ac88a6906ab68,2023-01-01,2023-01-01 09:35:22.862607910
19542,page_view,quiz_work,949606b3283c4412b6a11b92cf58440c,2023-01-02,2023-01-02 00:48:27.732989990
19543,page_view,quiz_fit,949606b3283c4412b6a11b92cf58440c,2023-01-02,2023-01-02 00:48:38.860693115
19544,page_view,quiz_highlight,949606b3283c4412b6a11b92cf58440c,2023-01-02,2023-01-02 00:49:03.431550049
19545,page_view,quiz_bodyShape,949606b3283c4412b6a11b92cf58440c,2023-01-02,2023-01-02 00:49:24.246965088
19546,page_view,quiz_eyes,949606b3283c4412b6a11b92cf58440c,2023-01-02,2023-01-02 00:50:19.936748047
19547,page_view,quiz_hair,949606b3283c4412b6a11b92cf58440c,2023-01-02,2023-01-02 00:50:31.719498047
19548,page_view,quiz_sizes,949606b3283c4412b6a11b92cf58440c,2023-01-02,2023-01-02 00:50:43.865696045
19549,page_view,quiz_measurements,949606b3283c4412b6a11b92cf58440c,2023-01-02,2023-01-02 00:51:24.033897949
19550,page_view,quiz_focus,949606b3283c4412b6a11b92cf58440c,2023-01-02,2023-01-02 00:51:35.629811035
19551,page_view,quiz_adventurous,949606b3283c4412b6a11b92cf58440c,2023-01-02,2023-01-02 00:51:57.836583984
19552,page_view,quiz_styles,949606b3283c4412b6a11b92cf58440c,2023-01-02,2023-01-02 00:52:33.377389893
19553,page_view,quiz_prices,949606b3283c4412b6a11b92cf58440c,2023-01-02,2023-01-02 00:53:22.756430908
19554,page_view,quiz_avoid,949606b3283c4412b6a11b92cf58440c,2023-01-02,2023-01-02 00:53:34.594096924
19555,page_view,quiz_footwear,949606b3283c4412b6a11b92cf58440c,2023-01-02,2023-01-02 00:53:54.140669922
19556,page_view,quiz_you,949606b3283c4412b6a11b92cf58440c,2023-01-02,2023-01-02 00:54:18.737625977
19557,page_view,quiz_photos,949606b3283c4412b6a11b92cf58440c,2023-01-02,2023-01-02 00:54:37.993865967
19558,page_view,quiz_social,949606b3283c4412b6a11b92cf58440c,2023-01-02,2023-01-02 00:54:50.277479980
19559,page_view,quiz_signUp,949606b3283c4412b6a11b92cf58440c,2023-01-02,2023-01-02 00:54:57.897872070
51169,page_view,quiz_work,95365d68577a496ebef077e0597ee18b,2023-01-28,2023-01-28 12:19:41.198295898
51170,page_view,quiz_work,95365d68577a496ebef077e0597ee18b,2023-01-28,2023-01-28 12:20:03.544948975
50741,page_view,quiz_fit,95365d68577a496ebef077e0597ee18b,2023-01-28,2023-01-28 12:20:04.982076904
51171,page_view,quiz_highlight,95365d68577a496ebef077e0597ee18b,2023-01-28,2023-01-28 12:20:34.016065918
51162,page_view,quiz_bodyShape,95365d68577a496ebef077e0597ee18b,2023-01-28,2023-01-28 12:20:54.998935059
51135,page_view,quiz_eyes,95365d68577a496ebef077e0597ee18b,2023-01-28,2023-01-28 12:21:12.179562012
51129,page_view,quiz_hair,95365d68577a496ebef077e0597ee18b,2023-01-28,2023-01-28 12:21:27.087502930
51130,page_view,quiz_sizes,95365d68577a496ebef077e0597ee18b,2023-01-28,2023-01-28 12:21:37.395759033
51136,page_view,quiz_measurements,95365d68577a496ebef077e0597ee18b,2023-01-28,2023-01-28 12:22:04.986541992
51131,page_view,quiz_focus,95365d68577a496ebef077e0597ee18b,2023-01-28,2023-01-28 12:22:15.116511962
51137,page_view,quiz_adventurous,95365d68577a496ebef077e0597ee18b,2023-01-28,2023-01-28 12:22:35.095465088
51138,page_view,quiz_styles,95365d68577a496ebef077e0597ee18b,2023-01-28,2023-01-28 12:23:12.071047119
51132,page_view,quiz_prices,95365d68577a496ebef077e0597ee18b,2023-01-28,2023-01-28 12:24:20.331032959
51139,page_view,quiz_avoid,95365d68577a496ebef077e0597ee18b,2023-01-28,2023-01-28 12:24:34.270958984
51133,page_view,quiz_footwear,95365d68577a496ebef077e0597ee18b,2023-01-28,2023-01-28 12:24:53.245018066
51140,page_view,quiz_you,95365d68577a496ebef077e0597ee18b,2023-01-28,2023-01-28 12:25:21.659200928
50676,page_view,quiz_photos,95365d68577a496ebef077e0597ee18b,2023-01-28,2023-01-28 12:25:34.033438965
50677,page_view,quiz_social,95365d68577a496ebef077e0597ee18b,2023-01-28,2023-01-28 12:32:24.780577881
51141,page_view,quiz_signUp,95365d68577a496ebef077e0597ee18b,2023-01-28,2023-01-28 12:32:39.779095947
14348,page_view,quiz_work,963c4eb5c1cd45aebfd2e6d184becd5e,2023-01-31,2023-01-31 10:50:58.127288086
14468,page_view,quiz_fit,963c4eb5c1cd45aebfd2e6d184becd5e,2023-01-31,2023-01-31 10:51:15.096517090
14472,page_view,quiz_highlight,963c4eb5c1cd45aebfd2e6d184becd5e,2023-01-31,2023-01-31 10:51:30.319387939
14469,page_view,quiz_bodyShape,963c4eb5c1cd45aebfd2e6d184becd5e,2023-01-31,2023-01-31 10:51:59.716722900
14470,page_view,quiz_eyes,963c4eb5c1cd45aebfd2e6d184becd5e,2023-01-31,2023-01-31 10:52:36.693153076
14349,page_view,quiz_hair,963c4eb5c1cd45aebfd2e6d184becd5e,2023-01-31,2023-01-31 10:52:43.024386963
14471,page_view,quiz_sizes,963c4eb5c1cd45aebfd2e6d184becd5e,2023-01-31,2023-01-31 10:52:48.285076904
14350,page_view,quiz_measurements,963c4eb5c1cd45aebfd2e6d184becd5e,2023-01-31,2023-01-31 10:53:18.619706055
14351,page_view,quiz_focus,963c4eb5c1cd45aebfd2e6d184becd5e,2023-01-31,2023-01-31 10:53:39.405912109
14352,page_view,quiz_adventurous,963c4eb5c1cd45aebfd2e6d184becd5e,2023-01-31,2023-01-31 10:53:52.655650879
14353,page_view,quiz_styles,963c4eb5c1cd45aebfd2e6d184becd5e,2023-01-31,2023-01-31 10:54:11.297905029
14362,page_view,quiz_prices,963c4eb5c1cd45aebfd2e6d184becd5e,2023-01-31,2023-01-31 10:55:07.721732910
14354,page_view,quiz_avoid,963c4eb5c1cd45aebfd2e6d184becd5e,2023-01-31,2023-01-31 10:55:27.271469971
14355,page_view,quiz_you,963c4eb5c1cd45aebfd2e6d184becd5e,2023-01-31,2023-01-31 10:56:03.330437988
14363,page_view,quiz_photos,963c4eb5c1cd45aebfd2e6d184becd5e,2023-01-31,2023-01-31 10:56:19.871144043
14364,page_view,quiz_social,963c4eb5c1cd45aebfd2e6d184becd5e,2023-01-31,2023-01-31 10:56:39.677145020
14365,page_view,quiz_signUp,963c4eb5c1cd45aebfd2e6d184becd5e,2023-01-31,2023-01-31 10:56:39.677145020
45415,page_view,quiz_work,976cb84e48004e9ea83da2c37a5bb776,2023-01-27,2023-01-27 21:38:33.055812012
44706,page_view,quiz_fit,976cb84e48004e9ea83da2c37a5bb776,2023-01-27,2023-01-27 21:38:52.414308105
45416,page_view,quiz_highlight,976cb84e48004e9ea83da2c37a5bb776,2023-01-27,2023-01-27 21:39:09.238038086
45417,page_view,quiz_bodyShape,976cb84e48004e9ea83da2c37a5bb776,2023-01-27,2023-01-27 21:39:29.493691895
44707,page_view,quiz_eyes,976cb84e48004e9ea83da2c37a5bb776,2023-01-27,2023-01-27 21:39:33.252425049
44982,page_view,quiz_bodyShape,976cb84e48004e9ea83da2c37a5bb776,2023-01-27,2023-01-27 21:39:39.915591064
45418,page_view,quiz_eyes,976cb84e48004e9ea83da2c37a5bb776,2023-01-27,2023-01-27 21:39:46.296851074
45419,page_view,quiz_hair,976cb84e48004e9ea83da2c37a5bb776,2023-01-27,2023-01-27 21:39:55.095563965
45420,page_view,quiz_sizes,976cb84e48004e9ea83da2c37a5bb776,2023-01-27,2023-01-27 21:39:55.095563965
45421,page_view,quiz_measurements,976cb84e48004e9ea83da2c37a5bb776,2023-01-27,2023-01-27 21:40:33.826084961
45422,page_view,quiz_focus,976cb84e48004e9ea83da2c37a5bb776,2023-01-27,2023-01-27 21:40:37.767268066
44980,page_view,quiz_adventurous,976cb84e48004e9ea83da2c37a5bb776,2023-01-27,2023-01-27 21:40:58.437407959
45423,page_view,quiz_styles,976cb84e48004e9ea83da2c37a5bb776,2023-01-27,2023-01-27 21:41:19.561623047
45424,page_view,quiz_prices,976cb84e48004e9ea83da2c37a5bb776,2023-01-27,2023-01-27 21:43:13.248414062
44981,page_view,quiz_avoid,976cb84e48004e9ea83da2c37a5bb776,2023-01-27,2023-01-27 21:43:28.690601074
44708,page_view,quiz_footwear,976cb84e48004e9ea83da2c37a5bb776,2023-01-27,2023-01-27 21:43:58.877779053
45425,page_view,quiz_you,976cb84e48004e9ea83da2c37a5bb776,2023-01-27,2023-01-27 21:44:35.919974121
44983,page_view,quiz_photos,976cb84e48004e9ea83da2c37a5bb776,2023-01-27,2023-01-27 21:45:14.411465088
45426,page_view,quiz_social,976cb84e48004e9ea83da2c37a5bb776,2023-01-27,2023-01-27 21:52:58.984117920
44709,page_view,quiz_signUp,976cb84e48004e9ea83da2c37a5bb776,2023-01-27,2023-01-27 21:54:11.370479980
72459,page_view,quiz_leisure,a7c3e11d30ab4d3b893c9528f9403532,2023-02-15,2023-02-15 10:52:19.080035889
69689,page_view,quiz_leisure,a7c3e11d30ab4d3b893c9528f9403532,2023-03-21,2023-03-21 15:29:27.454603027
21236,page_view,quiz_leisure,a99226f446db4bc4aa8f69260a228ba8,2023-01-30,2023-01-30 15:29:27.038318115
21216,page_view,quiz_leisure,a99226f446db4bc4aa8f69260a228ba8,2023-01-30,2023-01-30 15:46:37.736616943
21215,page_view,quiz_work,a99226f446db4bc4aa8f69260a228ba8,2023-01-30,2023-01-30 15:46:52.273783936
21237,page_view,quiz_fit,a99226f446db4bc4aa8f69260a228ba8,2023-01-30,2023-01-30 15:46:59.362680908
21238,page_view,quiz_highlight,a99226f446db4bc4aa8f69260a228ba8,2023-01-30,2023-01-30 15:47:31.541156982
21226,page_view,quiz_bodyShape,a99226f446db4bc4aa8f69260a228ba8,2023-01-30,2023-01-30 15:48:31.135948975
21217,page_view,quiz_eyes,a99226f446db4bc4aa8f69260a228ba8,2023-01-30,2023-01-30 15:48:43.003790039
21227,page_view,quiz_hair,a99226f446db4bc4aa8f69260a228ba8,2023-01-30,2023-01-30 15:48:55.159180908
21228,page_view,quiz_sizes,a99226f446db4bc4aa8f69260a228ba8,2023-01-30,2023-01-30 15:49:03.908541016
21229,page_view,quiz_measurements,a99226f446db4bc4aa8f69260a228ba8,2023-01-30,2023-01-30 15:49:44.994127929
21230,page_view,quiz_focus,a99226f446db4bc4aa8f69260a228ba8,2023-01-30,2023-01-30 15:50:11.169200928
21218,page_view,quiz_adventurous,a99226f446db4bc4aa8f69260a228ba8,2023-01-30,2023-01-30 15:50:37.523069092
21219,page_view,quiz_styles,a99226f446db4bc4aa8f69260a228ba8,2023-01-30,2023-01-30 15:50:46.047159912
21220,page_view,quiz_prices,a99226f446db4bc4aa8f69260a228ba8,2023-01-30,2023-01-30 15:51:39.186440918
21221,page_view,quiz_avoid,a99226f446db4bc4aa8f69260a228ba8,2023-01-30,2023-01-30 15:51:45.790750000
21231,page_view,quiz_you,a99226f446db4bc4aa8f69260a228ba8,2023-01-30,2023-01-30 15:51:55.464781982
21222,page_view,quiz_photos,a99226f446db4bc4aa8f69260a228ba8,2023-01-30,2023-01-30 15:52:29.497217041
21223,page_view,quiz_social,a99226f446db4bc4aa8f69260a228ba8,2023-01-30,2023-01-30 15:52:29.497217041
21232,page_view,quiz_signUp,a99226f446db4bc4aa8f69260a228ba8,2023-01-30,2023-01-30 15:52:35.872112061
45458,page_view,quiz_work,acbf5c91ee5e4ca8acfd90c2791193e8,2023-01-27,2023-01-27 09:59:14.079665039
45472,page_view,quiz_fit,acbf5c91ee5e4ca8acfd90c2791193e8,2023-01-27,2023-01-27 09:59:26.086322998
45473,page_view,quiz_highlight,acbf5c91ee5e4ca8acfd90c2791193e8,2023-01-27,2023-01-27 09:59:48.153995117
45459,page_view,quiz_bodyShape,acbf5c91ee5e4ca8acfd90c2791193e8,2023-01-27,2023-01-27 10:00:09.717443115
45474,page_view,quiz_eyes,acbf5c91ee5e4ca8acfd90c2791193e8,2023-01-27,2023-01-27 10:00:47.026791016
45475,page_view,quiz_hair,acbf5c91ee5e4ca8acfd90c2791193e8,2023-01-27,2023-01-27 10:00:58.911881104
45476,page_view,quiz_sizes,acbf5c91ee5e4ca8acfd90c2791193e8,2023-01-27,2023-01-27 10:01:10.902917969
45477,page_view,quiz_measurements,acbf5c91ee5e4ca8acfd90c2791193e8,2023-01-27,2023-01-27 10:01:42.855531982
45460,page_view,quiz_focus,acbf5c91ee5e4ca8acfd90c2791193e8,2023-01-27,2023-01-27 10:01:48.351699951
45478,page_view,quiz_adventurous,acbf5c91ee5e4ca8acfd90c2791193e8,2023-01-27,2023-01-27 10:02:10.644804932
45479,page_view,quiz_styles,acbf5c91ee5e4ca8acfd90c2791193e8,2023-01-27,2023-01-27 10:02:45.028868896
45480,page_view,quiz_prices,acbf5c91ee5e4ca8acfd90c2791193e8,2023-01-27,2023-01-27 10:04:07.731837891
45481,page_view,quiz_avoid,acbf5c91ee5e4ca8acfd90c2791193e8,2023-01-27,2023-01-27 10:04:19.648498047
45482,page_view,quiz_footwear,acbf5c91ee5e4ca8acfd90c2791193e8,2023-01-27,2023-01-27 10:04:35.638663086
45461,page_view,quiz_you,acbf5c91ee5e4ca8acfd90c2791193e8,2023-01-27,2023-01-27 10:05:03.808634033
45483,page_view,quiz_photos,acbf5c91ee5e4ca8acfd90c2791193e8,2023-01-27,2023-01-27 10:05:20.609668945
45462,page_view,quiz_social,acbf5c91ee5e4ca8acfd90c2791193e8,2023-01-27,2023-01-27 10:05:54.914388916
45463,page_view,quiz_signUp,acbf5c91ee5e4ca8acfd90c2791193e8,2023-01-27,2023-01-27 10:05:54.914388916
69394,page_view,quiz_leisure,b6bb83ff11db4f308bcae492d7a384ea,2023-03-29,2023-03-29 17:01:02.819108887
69401,page_view,quiz_leisure,b6bb83ff11db4f308bcae492d7a384ea,2023-03-29,2023-03-29 17:01:28.335916016
6918,page_view,quiz_work,bcd5f9f0dd3f43e787a11010cb626433,2023-01-21,2023-01-21 13:26:28.329910889
6919,page_view,quiz_fit,bcd5f9f0dd3f43e787a11010cb626433,2023-01-21,2023-01-21 13:26:35.744737061
6902,page_view,quiz_highlight,bcd5f9f0dd3f43e787a11010cb626433,2023-01-21,2023-01-21 13:26:45.850149902
6920,page_view,quiz_bodyShape,bcd5f9f0dd3f43e787a11010cb626433,2023-01-21,2023-01-21 13:27:01.138019043
6903,page_view,quiz_eyes,bcd5f9f0dd3f43e787a11010cb626433,2023-01-21,2023-01-21 13:27:13.476344971
6904,page_view,quiz_hair,bcd5f9f0dd3f43e787a11010cb626433,2023-01-21,2023-01-21 13:27:26.307364990
6905,page_view,quiz_sizes,bcd5f9f0dd3f43e787a11010cb626433,2023-01-21,2023-01-21 13:27:32.989720947
6906,page_view,quiz_measurements,bcd5f9f0dd3f43e787a11010cb626433,2023-01-21,2023-01-21 13:27:56.092450928
6921,page_view,quiz_focus,bcd5f9f0dd3f43e787a11010cb626433,2023-01-21,2023-01-21 13:28:09.060479980
6907,page_view,quiz_adventurous,bcd5f9f0dd3f43e787a11010cb626433,2023-01-21,2023-01-21 13:28:14.276120117
6922,page_view,quiz_styles,bcd5f9f0dd3f43e787a11010cb626433,2023-01-21,2023-01-21 13:28:27.214592041
6908,page_view,quiz_prices,bcd5f9f0dd3f43e787a11010cb626433,2023-01-21,2023-01-21 13:28:45.053032959
6909,page_view,quiz_avoid,bcd5f9f0dd3f43e787a11010cb626433,2023-01-21,2023-01-21 13:28:50.272013916
6910,page_view,quiz_footwear,bcd5f9f0dd3f43e787a11010cb626433,2023-01-21,2023-01-21 13:29:00.989947998
6911,page_view,quiz_you,bcd5f9f0dd3f43e787a11010cb626433,2023-01-21,2023-01-21 13:29:18.547427979
6912,page_view,quiz_photos,bcd5f9f0dd3f43e787a11010cb626433,2023-01-21,2023-01-21 13:29:27.552081055
6913,page_view,quiz_social,bcd5f9f0dd3f43e787a11010cb626433,2023-01-21,2023-01-21 13:29:36.643492920
6914,page_view,quiz_signUp,bcd5f9f0dd3f43e787a11010cb626433,2023-01-21,2023-01-21 13:29:36.643492920
42660,page_view,quiz_leisure,bfe389a3d0744080825867c731cf194d,2023-01-23,2023-01-23 12:22:47.121912109
42193,page_view,quiz_work,bfe389a3d0744080825867c731cf194d,2023-01-23,2023-01-23 12:22:57.131604980
42661,page_view,quiz_fit,bfe389a3d0744080825867c731cf194d,2023-01-23,2023-01-23 12:23:04.358958984
42194,page_view,quiz_highlight,bfe389a3d0744080825867c731cf194d,2023-01-23,2023-01-23 12:23:19.802187988
42648,page_view,quiz_bodyShape,bfe389a3d0744080825867c731cf194d,2023-01-23,2023-01-23 12:23:53.245236084
42649,page_view,quiz_eyes,bfe389a3d0744080825867c731cf194d,2023-01-23,2023-01-23 12:24:21.624425049
42650,page_view,quiz_hair,bfe389a3d0744080825867c731cf194d,2023-01-23,2023-01-23 12:24:22.241695068
42651,page_view,quiz_sizes,bfe389a3d0744080825867c731cf194d,2023-01-23,2023-01-23 12:24:34.573818115
42652,page_view,quiz_measurements,bfe389a3d0744080825867c731cf194d,2023-01-23,2023-01-23 12:24:56.743895020
42662,page_view,quiz_focus,bfe389a3d0744080825867c731cf194d,2023-01-23,2023-01-23 12:25:11.091041016
42653,page_view,quiz_adventurous,bfe389a3d0744080825867c731cf194d,2023-01-23,2023-01-23 12:25:26.630180908
42666,page_view,quiz_styles,bfe389a3d0744080825867c731cf194d,2023-01-23,2023-01-23 12:25:40.310197998
42663,page_view,quiz_prices,bfe389a3d0744080825867c731cf194d,2023-01-23,2023-01-23 12:26:24.413841064
42664,page_view,quiz_avoid,bfe389a3d0744080825867c731cf194d,2023-01-23,2023-01-23 12:26:24.413841064
42654,page_view,quiz_footwear,bfe389a3d0744080825867c731cf194d,2023-01-23,2023-01-23 12:26:48.330533936
42655,page_view,quiz_you,bfe389a3d0744080825867c731cf194d,2023-01-23,2023-01-23 12:28:13.446728027
42665,page_view,quiz_photos,bfe389a3d0744080825867c731cf194d,2023-01-23,2023-01-23 12:29:01.477830078
42656,page_view,quiz_signUp,bfe389a3d0744080825867c731cf194d,2023-01-23,2023-01-23 12:29:16.450893066
42657,page_view,quiz_social,bfe389a3d0744080825867c731cf194d,2023-01-23,2023-01-23 12:29:16.452812012
45028,page_view,quiz_work,c122da2281a540c8a9fdac722a0c4b7e,2023-01-27,2023-01-27 17:58:58.639077881
45029,page_view,quiz_fit,c122da2281a540c8a9fdac722a0c4b7e,2023-01-27,2023-01-27 17:59:14.186107910
45037,page_view,quiz_highlight,c122da2281a540c8a9fdac722a0c4b7e,2023-01-27,2023-01-27 17:59:38.888939941
45026,page_view,quiz_bodyShape,c122da2281a540c8a9fdac722a0c4b7e,2023-01-27,2023-01-27 17:59:59.815487061
45043,page_view,quiz_eyes,c122da2281a540c8a9fdac722a0c4b7e,2023-01-27,2023-01-27 18:00:55.713025879
45044,page_view,quiz_hair,c122da2281a540c8a9fdac722a0c4b7e,2023-01-27,2023-01-27 18:01:04.088440918
45038,page_view,quiz_sizes,c122da2281a540c8a9fdac722a0c4b7e,2023-01-27,2023-01-27 18:01:05.443263916
45045,page_view,quiz_measurements,c122da2281a540c8a9fdac722a0c4b7e,2023-01-27,2023-01-27 18:01:48.438760986
45039,page_view,quiz_focus,c122da2281a540c8a9fdac722a0c4b7e,2023-01-27,2023-01-27 18:01:59.963697998
45046,page_view,quiz_adventurous,c122da2281a540c8a9fdac722a0c4b7e,2023-01-27,2023-01-27 18:02:13.898665039
45047,page_view,quiz_styles,c122da2281a540c8a9fdac722a0c4b7e,2023-01-27,2023-01-27 18:02:36.443405029
45048,page_view,quiz_prices,c122da2281a540c8a9fdac722a0c4b7e,2023-01-27,2023-01-27 18:05:04.954094971
45030,page_view,quiz_avoid,c122da2281a540c8a9fdac722a0c4b7e,2023-01-27,2023-01-27 18:05:29.226413086
45031,page_view,quiz_you,c122da2281a540c8a9fdac722a0c4b7e,2023-01-27,2023-01-27 18:05:58.727825928
45040,page_view,quiz_photos,c122da2281a540c8a9fdac722a0c4b7e,2023-01-27,2023-01-27 18:06:11.978583984
45032,page_view,quiz_social,c122da2281a540c8a9fdac722a0c4b7e,2023-01-27,2023-01-27 18:09:31.926439941
45041,page_view,quiz_signUp,c122da2281a540c8a9fdac722a0c4b7e,2023-01-27,2023-01-27 18:09:51.690500000
49652,page_view,quiz_work,cc9ae9dbfb1e4e69af9a6db46c7d9ad5,2023-02-09,2023-02-09 20:48:44.280556885
49653,page_view,quiz_fit,cc9ae9dbfb1e4e69af9a6db46c7d9ad5,2023-02-09,2023-02-09 20:48:50.126544922
49656,page_view,quiz_highlight,cc9ae9dbfb1e4e69af9a6db46c7d9ad5,2023-02-09,2023-02-09 20:49:15.231430908
49643,page_view,quiz_bodyShape,cc9ae9dbfb1e4e69af9a6db46c7d9ad5,2023-02-09,2023-02-09 20:49:28.104635986
49657,page_view,quiz_eyes,cc9ae9dbfb1e4e69af9a6db46c7d9ad5,2023-02-09,2023-02-09 20:50:36.283954102
49644,page_view,quiz_hair,cc9ae9dbfb1e4e69af9a6db46c7d9ad5,2023-02-09,2023-02-09 20:50:53.294220947
49658,page_view,quiz_sizes,cc9ae9dbfb1e4e69af9a6db46c7d9ad5,2023-02-09,2023-02-09 20:50:59.591708008
49645,page_view,quiz_measurements,cc9ae9dbfb1e4e69af9a6db46c7d9ad5,2023-02-09,2023-02-09 20:51:37.865221924
49646,page_view,quiz_focus,cc9ae9dbfb1e4e69af9a6db46c7d9ad5,2023-02-09,2023-02-09 20:51:55.740750977
49659,page_view,quiz_adventurous,cc9ae9dbfb1e4e69af9a6db46c7d9ad5,2023-02-09,2023-02-09 20:52:33.411801025
49660,page_view,quiz_styles,cc9ae9dbfb1e4e69af9a6db46c7d9ad5,2023-02-09,2023-02-09 20:52:56.482586914
49661,page_view,quiz_prices,cc9ae9dbfb1e4e69af9a6db46c7d9ad5,2023-02-09,2023-02-09 20:55:31.839937988
49662,page_view,quiz_avoid,cc9ae9dbfb1e4e69af9a6db46c7d9ad5,2023-02-09,2023-02-09 20:55:56.208501953
49647,page_view,quiz_footwear,cc9ae9dbfb1e4e69af9a6db46c7d9ad5,2023-02-09,2023-02-09 20:56:11.602239990
49663,page_view,quiz_you,cc9ae9dbfb1e4e69af9a6db46c7d9ad5,2023-02-09,2023-02-09 20:56:55.396397949
49664,page_view,quiz_photos,cc9ae9dbfb1e4e69af9a6db46c7d9ad5,2023-02-09,2023-02-09 20:57:45.781843018
49648,page_view,quiz_social,cc9ae9dbfb1e4e69af9a6db46c7d9ad5,2023-02-09,2023-02-09 20:58:09.696190918
49649,page_view,quiz_signUp,cc9ae9dbfb1e4e69af9a6db46c7d9ad5,2023-02-09,2023-02-09 20:58:26.344780029
75152,page_view,quiz_work,d5bca4c6324a43e1867c2e9a36575fb3,2023-01-29,2023-01-29 11:09:39.810104004
75153,page_view,quiz_fit,d5bca4c6324a43e1867c2e9a36575fb3,2023-01-29,2023-01-29 11:09:49.627058105
75154,page_view,quiz_highlight,d5bca4c6324a43e1867c2e9a36575fb3,2023-01-29,2023-01-29 11:10:09.845478027
75155,page_view,quiz_bodyShape,d5bca4c6324a43e1867c2e9a36575fb3,2023-01-29,2023-01-29 11:10:29.588991943
75156,page_view,quiz_eyes,d5bca4c6324a43e1867c2e9a36575fb3,2023-01-29,2023-01-29 11:11:21.585925049
75157,page_view,quiz_hair,d5bca4c6324a43e1867c2e9a36575fb3,2023-01-29,2023-01-29 11:11:38.532989014
75158,page_view,quiz_sizes,d5bca4c6324a43e1867c2e9a36575fb3,2023-01-29,2023-01-29 11:11:50.342544922
75159,page_view,quiz_measurements,d5bca4c6324a43e1867c2e9a36575fb3,2023-01-29,2023-01-29 11:12:21.356300049
75151,page_view,quiz_focus,d5bca4c6324a43e1867c2e9a36575fb3,2023-01-29,2023-01-29 11:12:46.346643066
75160,page_view,quiz_adventurous,d5bca4c6324a43e1867c2e9a36575fb3,2023-01-29,2023-01-29 11:13:06.398316895
75161,page_view,quiz_styles,d5bca4c6324a43e1867c2e9a36575fb3,2023-01-29,2023-01-29 11:13:37.212016112
75162,page_view,quiz_prices,d5bca4c6324a43e1867c2e9a36575fb3,2023-01-29,2023-01-29 11:14:24.334193115
31801,page_view,quiz_avoid,d5bca4c6324a43e1867c2e9a36575fb3,2023-01-29,2023-01-29 11:14:38.919200928
31802,page_view,quiz_footwear,d5bca4c6324a43e1867c2e9a36575fb3,2023-01-29,2023-01-29 11:15:05.746476074
75163,page_view,quiz_you,d5bca4c6324a43e1867c2e9a36575fb3,2023-01-29,2023-01-29 11:15:59.401068115
75164,page_view,quiz_photos,d5bca4c6324a43e1867c2e9a36575fb3,2023-01-29,2023-01-29 11:16:57.555279053
31810,page_view,quiz_social,d5bca4c6324a43e1867c2e9a36575fb3,2023-01-29,2023-01-29 11:52:17.780805908
31803,page_view,quiz_signUp,d5bca4c6324a43e1867c2e9a36575fb3,2023-01-29,2023-01-29 11:52:28.698509032
31811,page_view,quiz_signUp,d5bca4c6324a43e1867c2e9a36575fb3,2023-01-29,2023-01-29 11:53:42.851312988
49861,page_view,quiz_leisure,d5bca4c6324a43e1867c2e9a36575fb3,2023-02-09,2023-02-09 08:18:54.044489990
32041,page_view,quiz_work,e0916cdf04854e68843f08688da90679,2023-01-29,2023-01-29 16:16:26.590061035
32038,page_view,quiz_fit,e0916cdf04854e68843f08688da90679,2023-01-29,2023-01-29 16:16:35.864513916
32039,page_view,quiz_highlight,e0916cdf04854e68843f08688da90679,2023-01-29,2023-01-29 16:16:54.085467041
32047,page_view,quiz_bodyShape,e0916cdf04854e68843f08688da90679,2023-01-29,2023-01-29 16:17:08.157936035
32048,page_view,quiz_highlight,e0916cdf04854e68843f08688da90679,2023-01-29,2023-01-29 16:18:09.667495117
32049,page_view,quiz_bodyShape,e0916cdf04854e68843f08688da90679,2023-01-29,2023-01-29 16:18:09.668225098
32042,page_view,quiz_eyes,e0916cdf04854e68843f08688da90679,2023-01-29,2023-01-29 16:18:35.254191895
32043,page_view,quiz_hair,e0916cdf04854e68843f08688da90679,2023-01-29,2023-01-29 16:18:43.552199951
32044,page_view,quiz_sizes,e0916cdf04854e68843f08688da90679,2023-01-29,2023-01-29 16:18:43.552199951
32050,page_view,quiz_measurements,e0916cdf04854e68843f08688da90679,2023-01-29,2023-01-29 16:19:05.311058105
32045,page_view,quiz_focus,e0916cdf04854e68843f08688da90679,2023-01-29,2023-01-29 16:19:12.357153076
32040,page_view,quiz_adventurous,e0916cdf04854e68843f08688da90679,2023-01-29,2023-01-29 16:19:26.747045898
32051,page_view,quiz_styles,e0916cdf04854e68843f08688da90679,2023-01-29,2023-01-29 16:20:44.389863037
32061,page_view,quiz_prices,e0916cdf04854e68843f08688da90679,2023-01-29,2023-01-29 16:21:52.447351074
32052,page_view,quiz_avoid,e0916cdf04854e68843f08688da90679,2023-01-29,2023-01-29 16:22:19.884048096
32053,page_view,quiz_you,e0916cdf04854e68843f08688da90679,2023-01-29,2023-01-29 16:22:37.906071045
32062,page_view,quiz_photos,e0916cdf04854e68843f08688da90679,2023-01-29,2023-01-29 16:22:52.376770020
32054,page_view,quiz_social,e0916cdf04854e68843f08688da90679,2023-01-29,2023-01-29 16:23:06.767412109
32055,page_view,quiz_signUp,e0916cdf04854e68843f08688da90679,2023-01-29,2023-01-29 16:23:06.767412109
64362,page_view,quiz_signUp,e432e779505341e4a3827c7a71273b49,2023-02-13,2023-02-13 17:06:41.723831055
64365,page_view,quiz_work,e432e779505341e4a3827c7a71273b49,2023-02-13,2023-02-13 17:13:47.875716064
64374,page_view,quiz_fit,e432e779505341e4a3827c7a71273b49,2023-02-13,2023-02-13 17:13:54.523145996
64366,page_view,quiz_highlight,e432e779505341e4a3827c7a71273b49,2023-02-13,2023-02-13 17:14:48.280167969
64380,page_view,quiz_bodyShape,e432e779505341e4a3827c7a71273b49,2023-02-13,2023-02-13 17:15:13.820815918
64367,page_view,quiz_eyes,e432e779505341e4a3827c7a71273b49,2023-02-13,2023-02-13 17:16:16.306134033
64368,page_view,quiz_hair,e432e779505341e4a3827c7a71273b49,2023-02-13,2023-02-13 17:16:37.270118896
64381,page_view,quiz_sizes,e432e779505341e4a3827c7a71273b49,2023-02-13,2023-02-13 17:16:42.522186035
64390,page_view,quiz_measurements,e432e779505341e4a3827c7a71273b49,2023-02-13,2023-02-13 17:17:08.752383057
64382,page_view,quiz_focus,e432e779505341e4a3827c7a71273b49,2023-02-13,2023-02-13 17:17:15.110572998
64383,page_view,quiz_adventurous,e432e779505341e4a3827c7a71273b49,2023-02-13,2023-02-13 17:17:39.435919922
64375,page_view,quiz_styles,e432e779505341e4a3827c7a71273b49,2023-02-13,2023-02-13 17:20:47.287625977
64384,page_view,quiz_prices,e432e779505341e4a3827c7a71273b49,2023-02-13,2023-02-13 17:23:47.415023926
64369,page_view,quiz_avoid,e432e779505341e4a3827c7a71273b49,2023-02-13,2023-02-13 17:25:05.869590088
64385,page_view,quiz_footwear,e432e779505341e4a3827c7a71273b49,2023-02-13,2023-02-13 17:25:25.686563965
64370,page_view,quiz_you,e432e779505341e4a3827c7a71273b49,2023-02-13,2023-02-13 17:26:21.702827881
64371,page_view,quiz_photos,e432e779505341e4a3827c7a71273b49,2023-02-13,2023-02-13 17:26:59.996314941
64372,page_view,quiz_social,e432e779505341e4a3827c7a71273b49,2023-02-13,2023-02-13 17:27:08.660477051
64391,page_view,quiz_signUp,e432e779505341e4a3827c7a71273b49,2023-02-13,2023-02-13 17:27:17.722145020
6514,page_view,quiz_work,e50008d80c384144b6d288d4652ea613,2023-01-21,2023-01-21 07:51:30.509884033
6518,page_view,quiz_fit,e50008d80c384144b6d288d4652ea613,2023-01-21,2023-01-21 07:51:35.289614014
6519,page_view,quiz_highlight,e50008d80c384144b6d288d4652ea613,2023-01-21,2023-01-21 07:52:00.380042969
6520,page_view,quiz_bodyShape,e50008d80c384144b6d288d4652ea613,2023-01-21,2023-01-21 07:53:15.582287109
6515,page_view,quiz_eyes,e50008d80c384144b6d288d4652ea613,2023-01-21,2023-01-21 07:53:49.359087891
6521,page_view,quiz_hair,e50008d80c384144b6d288d4652ea613,2023-01-21,2023-01-21 07:54:04.480742920
6522,page_view,quiz_sizes,e50008d80c384144b6d288d4652ea613,2023-01-21,2023-01-21 07:54:15.925650879
6523,page_view,quiz_measurements,e50008d80c384144b6d288d4652ea613,2023-01-21,2023-01-21 07:54:33.383952881
6516,page_view,quiz_focus,e50008d80c384144b6d288d4652ea613,2023-01-21,2023-01-21 07:54:48.902339111
6524,page_view,quiz_adventurous,e50008d80c384144b6d288d4652ea613,2023-01-21,2023-01-21 07:55:15.006793945
6517,page_view,quiz_styles,e50008d80c384144b6d288d4652ea613,2023-01-21,2023-01-21 07:55:37.002040039
6398,page_view,quiz_prices,e50008d80c384144b6d288d4652ea613,2023-01-21,2023-01-21 08:03:55.877834961
6396,page_view,quiz_avoid,e50008d80c384144b6d288d4652ea613,2023-01-21,2023-01-21 08:04:06.470266113
6397,page_view,quiz_footwear,e50008d80c384144b6d288d4652ea613,2023-01-21,2023-01-21 08:04:30.271863037
6290,page_view,quiz_you,e50008d80c384144b6d288d4652ea613,2023-01-21,2023-01-21 08:28:21.319071045
6287,page_view,quiz_photos,e50008d80c384144b6d288d4652ea613,2023-01-21,2023-01-21 08:29:50.678406982
6291,page_view,quiz_social,e50008d80c384144b6d288d4652ea613,2023-01-21,2023-01-21 08:31:19.907599121
6288,page_view,quiz_signUp,e50008d80c384144b6d288d4652ea613,2023-01-21,2023-01-21 08:31:30.714714111
4555,page_view,quiz_leisure,e85412d483e94ad5a8a30eca6f3f05be,2023-01-20,2023-01-20 12:14:01.306013916
4556,page_view,quiz_work,e85412d483e94ad5a8a30eca6f3f05be,2023-01-20,2023-01-20 12:14:12.085591064
4557,page_view,quiz_fit,e85412d483e94ad5a8a30eca6f3f05be,2023-01-20,2023-01-20 12:14:24.055449951
4563,page_view,quiz_highlight,e85412d483e94ad5a8a30eca6f3f05be,2023-01-20,2023-01-20 12:14:40.849420898
4564,page_view,quiz_bodyShape,e85412d483e94ad5a8a30eca6f3f05be,2023-01-20,2023-01-20 12:14:51.975864014
4558,page_view,quiz_eyes,e85412d483e94ad5a8a30eca6f3f05be,2023-01-20,2023-01-20 12:16:08.927947021
4559,page_view,quiz_hair,e85412d483e94ad5a8a30eca6f3f05be,2023-01-20,2023-01-20 12:16:17.933240967
4565,page_view,quiz_sizes,e85412d483e94ad5a8a30eca6f3f05be,2023-01-20,2023-01-20 12:16:24.727315918
4566,page_view,quiz_measurements,e85412d483e94ad5a8a30eca6f3f05be,2023-01-20,2023-01-20 12:16:43.971887939
4567,page_view,quiz_focus,e85412d483e94ad5a8a30eca6f3f05be,2023-01-20,2023-01-20 12:16:51.171085938
4568,page_view,quiz_adventurous,e85412d483e94ad5a8a30eca6f3f05be,2023-01-20,2023-01-20 12:17:06.090683105
4560,page_view,quiz_styles,e85412d483e94ad5a8a30eca6f3f05be,2023-01-20,2023-01-20 12:17:29.187071045
4561,page_view,quiz_prices,e85412d483e94ad5a8a30eca6f3f05be,2023-01-20,2023-01-20 12:18:32.560254883
4569,page_view,quiz_avoid,e85412d483e94ad5a8a30eca6f3f05be,2023-01-20,2023-01-20 12:18:32.564956055
4570,page_view,quiz_footwear,e85412d483e94ad5a8a30eca6f3f05be,2023-01-20,2023-01-20 12:18:45.803732910
4562,page_view,quiz_you,e85412d483e94ad5a8a30eca6f3f05be,2023-01-20,2023-01-20 12:19:03.046233887
4571,page_view,quiz_photos,e85412d483e94ad5a8a30eca6f3f05be,2023-01-20,2023-01-20 12:19:28.570802002
4575,page_view,quiz_social,e85412d483e94ad5a8a30eca6f3f05be,2023-01-20,2023-01-20 12:40:51.993899902
4574,page_view,quiz_signUp,e85412d483e94ad5a8a30eca6f3f05be,2023-01-20,2023-01-20 12:41:00.918354004
36264,page_view,quiz_work,e9e6c08704864b8b84897ecfbae1921b,2023-01-31,2023-01-31 19:09:11.199437988
36265,page_view,quiz_fit,e9e6c08704864b8b84897ecfbae1921b,2023-01-31,2023-01-31 19:09:29.506055908
36091,page_view,quiz_highlight,e9e6c08704864b8b84897ecfbae1921b,2023-01-31,2023-01-31 19:11:30.683645996
36266,page_view,quiz_bodyShape,e9e6c08704864b8b84897ecfbae1921b,2023-01-31,2023-01-31 19:13:06.788105957
36267,page_view,quiz_eyes,e9e6c08704864b8b84897ecfbae1921b,2023-01-31,2023-01-31 19:13:50.525708008
36268,page_view,quiz_hair,e9e6c08704864b8b84897ecfbae1921b,2023-01-31,2023-01-31 19:14:23.959985107
36269,page_view,quiz_sizes,e9e6c08704864b8b84897ecfbae1921b,2023-01-31,2023-01-31 19:15:13.976451904
36088,page_view,quiz_measurements,e9e6c08704864b8b84897ecfbae1921b,2023-01-31,2023-01-31 22:12:12.787398926
18268,page_view,quiz_measurements,e9e6c08704864b8b84897ecfbae1921b,2023-02-01,2023-01-31 23:24:49.175931885
18269,page_view,quiz_focus,e9e6c08704864b8b84897ecfbae1921b,2023-02-01,2023-01-31 23:28:16.505603027
18270,page_view,quiz_adventurous,e9e6c08704864b8b84897ecfbae1921b,2023-02-01,2023-01-31 23:29:00.647779053
18271,page_view,quiz_styles,e9e6c08704864b8b84897ecfbae1921b,2023-02-01,2023-01-31 23:29:32.767103027
18272,page_view,quiz_prices,e9e6c08704864b8b84897ecfbae1921b,2023-02-01,2023-01-31 23:31:27.628184082
18273,page_view,quiz_avoid,e9e6c08704864b8b84897ecfbae1921b,2023-02-01,2023-01-31 23:31:46.456635010
18274,page_view,quiz_footwear,e9e6c08704864b8b84897ecfbae1921b,2023-02-01,2023-01-31 23:32:22.621990967
18275,page_view,quiz_you,e9e6c08704864b8b84897ecfbae1921b,2023-02-01,2023-01-31 23:34:13.490178955
18276,page_view,quiz_photos,e9e6c08704864b8b84897ecfbae1921b,2023-02-01,2023-01-31 23:34:37.834899902
18277,page_view,quiz_social,e9e6c08704864b8b84897ecfbae1921b,2023-02-01,2023-01-31 23:37:52.538251952
18278,page_view,quiz_signUp,e9e6c08704864b8b84897ecfbae1921b,2023-02-01,2023-01-31 23:38:10.846385010
35947,page_view,quiz_work,ea60312b25f547a08ac74fe0c2064f3e,2023-01-31,2023-01-31 21:01:17.451979004
36007,page_view,quiz_fit,ea60312b25f547a08ac74fe0c2064f3e,2023-01-31,2023-01-31 21:01:28.295918945
36008,page_view,quiz_highlight,ea60312b25f547a08ac74fe0c2064f3e,2023-01-31,2023-01-31 21:01:47.590562012
35948,page_view,quiz_bodyShape,ea60312b25f547a08ac74fe0c2064f3e,2023-01-31,2023-01-31 21:02:08.284700928
36009,page_view,quiz_eyes,ea60312b25f547a08ac74fe0c2064f3e,2023-01-31,2023-01-31 21:02:24.207384033
36010,page_view,quiz_hair,ea60312b25f547a08ac74fe0c2064f3e,2023-01-31,2023-01-31 21:02:35.715415039
36011,page_view,quiz_sizes,ea60312b25f547a08ac74fe0c2064f3e,2023-01-31,2023-01-31 21:02:44.832502930
36012,page_view,quiz_measurements,ea60312b25f547a08ac74fe0c2064f3e,2023-01-31,2023-01-31 21:03:04.470739990
36013,page_view,quiz_measurements,ea60312b25f547a08ac74fe0c2064f3e,2023-01-31,2023-01-31 21:03:36.908899902
36014,page_view,quiz_focus,ea60312b25f547a08ac74fe0c2064f3e,2023-01-31,2023-01-31 21:04:13.020685059
35949,page_view,quiz_adventurous,ea60312b25f547a08ac74fe0c2064f3e,2023-01-31,2023-01-31 21:04:35.393053955
35999,page_view,quiz_styles,ea60312b25f547a08ac74fe0c2064f3e,2023-01-31,2023-01-31 21:05:45.511447998
36003,page_view,quiz_styles,ea60312b25f547a08ac74fe0c2064f3e,2023-01-31,2023-01-31 21:06:29.298202881
35950,page_view,quiz_prices,ea60312b25f547a08ac74fe0c2064f3e,2023-01-31,2023-01-31 21:06:58.921728027
36000,page_view,quiz_avoid,ea60312b25f547a08ac74fe0c2064f3e,2023-01-31,2023-01-31 21:07:10.949699951
36001,page_view,quiz_footwear,ea60312b25f547a08ac74fe0c2064f3e,2023-01-31,2023-01-31 21:07:59.213835938
36002,page_view,quiz_you,ea60312b25f547a08ac74fe0c2064f3e,2023-01-31,2023-01-31 21:08:19.011048096
35951,page_view,quiz_photos,ea60312b25f547a08ac74fe0c2064f3e,2023-01-31,2023-01-31 21:08:51.278905029
35952,page_view,quiz_social,ea60312b25f547a08ac74fe0c2064f3e,2023-01-31,2023-01-31 21:09:02.158205078
35953,page_view,quiz_signUp,ea60312b25f547a08ac74fe0c2064f3e,2023-01-31,2023-01-31 21:09:02.158205078
35216,page_view,quiz_leisure,ea60312b25f547a08ac74fe0c2064f3e,2023-02-02,2023-02-02 10:19:42.832293945
35217,page_view,quiz_work,ea60312b25f547a08ac74fe0c2064f3e,2023-02-02,2023-02-02 10:19:42.832293945
35219,page_view,quiz_fit,ea60312b25f547a08ac74fe0c2064f3e,2023-02-02,2023-02-02 10:19:51.849573975
35220,page_view,quiz_highlight,ea60312b25f547a08ac74fe0c2064f3e,2023-02-02,2023-02-02 10:19:51.849573975
35221,page_view,quiz_bodyShape,ea60312b25f547a08ac74fe0c2064f3e,2023-02-02,2023-02-02 10:20:13.776767090
35236,page_view,quiz_eyes,ea60312b25f547a08ac74fe0c2064f3e,2023-02-02,2023-02-02 10:20:35.527482910
35237,page_view,quiz_hair,ea60312b25f547a08ac74fe0c2064f3e,2023-02-02,2023-02-02 10:20:44.685592041
35238,page_view,quiz_sizes,ea60312b25f547a08ac74fe0c2064f3e,2023-02-02,2023-02-02 10:20:44.685592041
35222,page_view,quiz_hair,ea60312b25f547a08ac74fe0c2064f3e,2023-02-02,2023-02-02 10:20:56.896211914
35223,page_view,quiz_sizes,ea60312b25f547a08ac74fe0c2064f3e,2023-02-02,2023-02-02 10:21:02.789227051
35224,page_view,quiz_measurements,ea60312b25f547a08ac74fe0c2064f3e,2023-02-02,2023-02-02 10:21:17.815250977
35225,page_view,quiz_focus,ea60312b25f547a08ac74fe0c2064f3e,2023-02-02,2023-02-02 10:21:28.097897949
35239,page_view,quiz_adventurous,ea60312b25f547a08ac74fe0c2064f3e,2023-02-02,2023-02-02 10:21:38.755475098
35240,page_view,quiz_styles,ea60312b25f547a08ac74fe0c2064f3e,2023-02-02,2023-02-02 10:21:53.803964111
35241,page_view,quiz_prices,ea60312b25f547a08ac74fe0c2064f3e,2023-02-02,2023-02-02 10:22:09.269604004
35242,page_view,quiz_avoid,ea60312b25f547a08ac74fe0c2064f3e,2023-02-02,2023-02-02 10:22:21.521835938
35243,page_view,quiz_footwear,ea60312b25f547a08ac74fe0c2064f3e,2023-02-02,2023-02-02 10:22:38.393523926
35244,page_view,quiz_you,ea60312b25f547a08ac74fe0c2064f3e,2023-02-02,2023-02-02 10:22:48.033947021
35226,page_view,quiz_photos,ea60312b25f547a08ac74fe0c2064f3e,2023-02-02,2023-02-02 10:23:11.592985107
35227,page_view,quiz_social,ea60312b25f547a08ac74fe0c2064f3e,2023-02-02,2023-02-02 10:23:11.592985107
35245,page_view,quiz_signUp,ea60312b25f547a08ac74fe0c2064f3e,2023-02-02,2023-02-02 10:23:25.070972900
6806,page_view,quiz_leisure,ebc8a6cf256b447485bcae138f78d6aa,2023-01-21,2023-01-21 20:17:20.098374023
6807,page_view,quiz_work,ebc8a6cf256b447485bcae138f78d6aa,2023-01-21,2023-01-21 20:17:27.818106934
6808,page_view,quiz_fit,ebc8a6cf256b447485bcae138f78d6aa,2023-01-21,2023-01-21 20:17:34.478927002
6809,page_view,quiz_highlight,ebc8a6cf256b447485bcae138f78d6aa,2023-01-21,2023-01-21 20:17:38.590497070
6810,page_view,quiz_bodyShape,ebc8a6cf256b447485bcae138f78d6aa,2023-01-21,2023-01-21 20:17:59.488240967
6811,page_view,quiz_eyes,ebc8a6cf256b447485bcae138f78d6aa,2023-01-21,2023-01-21 20:18:22.211121094
6812,page_view,quiz_hair,ebc8a6cf256b447485bcae138f78d6aa,2023-01-21,2023-01-21 20:18:29.416943115
6813,page_view,quiz_sizes,ebc8a6cf256b447485bcae138f78d6aa,2023-01-21,2023-01-21 20:18:35.273626953
6814,page_view,quiz_measurements,ebc8a6cf256b447485bcae138f78d6aa,2023-01-21,2023-01-21 20:18:55.193620117
6815,page_view,quiz_focus,ebc8a6cf256b447485bcae138f78d6aa,2023-01-21,2023-01-21 20:19:11.296458008
6816,page_view,quiz_adventurous,ebc8a6cf256b447485bcae138f78d6aa,2023-01-21,2023-01-21 20:19:26.485815918
6817,page_view,quiz_styles,ebc8a6cf256b447485bcae138f78d6aa,2023-01-21,2023-01-21 20:19:52.569313965
6818,page_view,quiz_prices,ebc8a6cf256b447485bcae138f78d6aa,2023-01-21,2023-01-21 20:20:10.412055908
6819,page_view,quiz_styles,ebc8a6cf256b447485bcae138f78d6aa,2023-01-21,2023-01-21 20:20:22.290210938
6820,page_view,quiz_prices,ebc8a6cf256b447485bcae138f78d6aa,2023-01-21,2023-01-21 20:20:28.526165039
6821,page_view,quiz_avoid,ebc8a6cf256b447485bcae138f78d6aa,2023-01-21,2023-01-21 20:20:34.473593994
6822,page_view,quiz_footwear,ebc8a6cf256b447485bcae138f78d6aa,2023-01-21,2023-01-21 20:20:51.579698975
6823,page_view,quiz_you,ebc8a6cf256b447485bcae138f78d6aa,2023-01-21,2023-01-21 20:21:12.226324951
6824,page_view,quiz_photos,ebc8a6cf256b447485bcae138f78d6aa,2023-01-21,2023-01-21 20:21:35.126068115
6825,page_view,quiz_social,ebc8a6cf256b447485bcae138f78d6aa,2023-01-21,2023-01-21 20:28:05.130125977
6835,page_view,quiz_signUp,ebc8a6cf256b447485bcae138f78d6aa,2023-01-21,2023-01-21 20:28:21.191468994
61826,page_view,quiz_work,efd6b8acef904c8085d7a0426a689bfb,2023-02-22,2023-02-22 10:37:19.932785889
61827,page_view,quiz_fit,efd6b8acef904c8085d7a0426a689bfb,2023-02-22,2023-02-22 10:37:25.588922119
61828,page_view,quiz_work,efd6b8acef904c8085d7a0426a689bfb,2023-02-22,2023-02-22 10:37:25.588922119
74588,page_view,quiz_work,f220a4ac51cd42bfb73714a4edd45b9e,2023-02-17,2023-02-17 14:37:57.529448975
74589,page_view,quiz_fit,f220a4ac51cd42bfb73714a4edd45b9e,2023-02-17,2023-02-17 14:38:02.332190918
74600,page_view,quiz_highlight,f220a4ac51cd42bfb73714a4edd45b9e,2023-02-17,2023-02-17 14:38:27.958594971
74638,page_view,quiz_bodyShape,f220a4ac51cd42bfb73714a4edd45b9e,2023-02-17,2023-02-17 14:39:20.709238037
74601,page_view,quiz_eyes,f220a4ac51cd42bfb73714a4edd45b9e,2023-02-17,2023-02-17 14:40:21.806792969
74591,page_view,quiz_hair,f220a4ac51cd42bfb73714a4edd45b9e,2023-02-17,2023-02-17 14:40:49.120310059
74592,page_view,quiz_sizes,f220a4ac51cd42bfb73714a4edd45b9e,2023-02-17,2023-02-17 14:40:57.365667969
74639,page_view,quiz_measurements,f220a4ac51cd42bfb73714a4edd45b9e,2023-02-17,2023-02-17 14:42:20.630354980
74602,page_view,quiz_focus,f220a4ac51cd42bfb73714a4edd45b9e,2023-02-17,2023-02-17 14:42:37.459877930
74603,page_view,quiz_adventurous,f220a4ac51cd42bfb73714a4edd45b9e,2023-02-17,2023-02-17 14:42:54.103212891
74605,page_view,quiz_styles,f220a4ac51cd42bfb73714a4edd45b9e,2023-02-17,2023-02-17 14:44:00.049029053
74593,page_view,quiz_prices,f220a4ac51cd42bfb73714a4edd45b9e,2023-02-17,2023-02-17 14:45:00.929351074
74649,page_view,quiz_avoid,f220a4ac51cd42bfb73714a4edd45b9e,2023-02-17,2023-02-17 14:45:10.380620117
74595,page_view,quiz_you,f220a4ac51cd42bfb73714a4edd45b9e,2023-02-17,2023-02-17 14:46:03.246185059
74594,page_view,quiz_photos,f220a4ac51cd42bfb73714a4edd45b9e,2023-02-17,2023-02-17 14:46:20.000310059
74606,page_view,quiz_social,f220a4ac51cd42bfb73714a4edd45b9e,2023-02-17,2023-02-17 14:46:36.111185059
74607,page_view,quiz_signUp,f220a4ac51cd42bfb73714a4edd45b9e,2023-02-17,2023-02-17 14:46:46.263491943
41084,page_view,quiz_work,fbf7e066b16c42efbdf59654a69a1a3a,2023-02-16,2023-02-16 22:18:53.150301025
41128,page_view,quiz_fit,fbf7e066b16c42efbdf59654a69a1a3a,2023-02-16,2023-02-16 22:19:01.500487061
41130,page_view,quiz_highlight,fbf7e066b16c42efbdf59654a69a1a3a,2023-02-16,2023-02-16 22:19:14.204523926
41144,page_view,quiz_bodyShape,fbf7e066b16c42efbdf59654a69a1a3a,2023-02-16,2023-02-16 22:19:33.271708008
41131,page_view,quiz_eyes,fbf7e066b16c42efbdf59654a69a1a3a,2023-02-16,2023-02-16 22:20:31.024497070
41148,page_view,quiz_hair,fbf7e066b16c42efbdf59654a69a1a3a,2023-02-16,2023-02-16 22:20:35.555295898
41145,page_view,quiz_sizes,fbf7e066b16c42efbdf59654a69a1a3a,2023-02-16,2023-02-16 22:20:35.556050049
41086,page_view,quiz_measurements,fbf7e066b16c42efbdf59654a69a1a3a,2023-02-16,2023-02-16 22:21:10.004382080
41087,page_view,quiz_focus,fbf7e066b16c42efbdf59654a69a1a3a,2023-02-16,2023-02-16 22:22:30.015420898
41146,page_view,quiz_adventurous,fbf7e066b16c42efbdf59654a69a1a3a,2023-02-16,2023-02-16 22:22:53.704968994
41088,page_view,quiz_styles,fbf7e066b16c42efbdf59654a69a1a3a,2023-02-16,2023-02-16 22:23:20.924139893
41089,page_view,quiz_prices,fbf7e066b16c42efbdf59654a69a1a3a,2023-02-16,2023-02-16 22:24:48.062636963
41155,page_view,quiz_avoid,fbf7e066b16c42efbdf59654a69a1a3a,2023-02-16,2023-02-16 22:24:58.102430908
41147,page_view,quiz_footwear,fbf7e066b16c42efbdf59654a69a1a3a,2023-02-16,2023-02-16 22:25:10.604406006
41090,page_view,quiz_you,fbf7e066b16c42efbdf59654a69a1a3a,2023-02-16,2023-02-16 22:25:42.532907959
41091,page_view,quiz_photos,fbf7e066b16c42efbdf59654a69a1a3a,2023-02-16,2023-02-16 22:25:52.635781982
41099,page_view,quiz_social,fbf7e066b16c42efbdf59654a69a1a3a,2023-02-16,2023-02-16 22:27:43.125448975
41093,page_view,quiz_signUp,fbf7e066b16c42efbdf59654a69a1a3a,2023-02-16,2023-02-16 22:27:54.884326904
